Date,<12,12-15,16-17,18-24,25-39,40-49,50-64,65-74,75+
2020-12-18,1.25,0,0,1.25,36.25,22.5,27.500000000000004,6.25,5
2020-12-19,0,0,0,2.1505376344086025,36.55913978494624,18.27956989247312,34.05017921146953,8.24372759856631,0.7168458781362007
2020-12-20,0,0,0,3.225806451612903,31.72043010752688,24.731182795698924,32.795698924731184,6.720430107526881,0.8064516129032258
2020-12-21,0,0,0,2.4096385542168677,35.66265060240964,23.85542168674699,31.807228915662648,6.024096385542169,0.24096385542168677
2020-12-22,0,0,0,1.4124293785310735,40.96045197740113,19.491525423728813,31.63841807909605,6.214689265536723,0.2824858757062147
2020-12-23,0.8021390374331552,0,0,4.0106951871657754,33.9572192513369,20.32085561497326,30.74866310160428,7.4866310160427805,2.6737967914438503
2020-12-24,0.11547344110854503,0,0,3.810623556581986,34.06466512702079,21.362586605080832,30.600461893764436,8.083140877598153,1.9630484988452657
2020-12-25,0.12195121951219512,0.12195121951219512,0,4.390243902439024,31.951219512195124,19.634146341463417,33.78048780487805,8.048780487804878,1.951219512195122
2020-12-26,0.16025641025641024,0,0,4.487179487179487,37.17948717948718,21.314102564102562,25.961538461538463,6.41025641025641,4.487179487179487
2020-12-27,0,0,0,2.6178010471204187,28.272251308900525,12.56544502617801,39.26701570680628,9.424083769633508,7.853403141361256
2020-12-28,0,0,0,1.9900497512437811,21.890547263681594,17.412935323383085,42.78606965174129,8.45771144278607,7.462686567164178
2020-12-29,0,0,0,2.711864406779661,28.983050847457626,23.728813559322035,31.694915254237287,8.64406779661017,4.23728813559322
2020-12-30,0.13550135501355012,0,0,2.4390243902439024,25.519421860885277,22.312556458897923,36.22402890695574,9.530261969286359,3.8392050587172535
2020-12-31,0.05583472920156338,0,0,3.126744835287549,25.29313232830821,21.21719709659408,35.00837520938023,10.77610273590173,4.522613065326634
2021-01-01,0,0.061804697156983925,0.061804697156983925,4.140914709517923,24.474660074165637,19.65389369592089,29.913473423980225,11.928306551297899,9.765142150803461
2021-01-02,0,0,0,3.969022265246854,22.07163601161665,18.005808325266216,29.428848015488867,13.165537270087125,13.359148112294289
2021-01-03,0,0,0.20408163265306123,3.2653061224489797,28.367346938775512,14.69387755102041,20.408163265306122,13.673469387755102,19.387755102040817
2021-01-04,0,0,0,2.8795811518324608,26.308900523560208,18.586387434554975,27.748691099476442,9.947643979057592,14.528795811518325
2021-01-05,0.17777777777777778,0,0,2.666666666666667,35.37777777777778,21.155555555555555,30.844444444444445,7.733333333333333,2.0444444444444447
2021-01-06,0.0661995917691841,0,0,3.221713466100292,37.000055166326476,23.114690792740113,28.874055276659128,6.068295912175208,1.6549897942296024
2021-01-07,0.03290046641249444,0,0.027094501751466004,3.5242205492442573,33.60492345803255,22.354899266513133,29.579454626386177,6.758142865437092,4.118364266222833
2021-01-08,0.0230564883965716,0.002004912034484487,0.011027016189664679,3.441431507192622,35.61525738058243,22.60337827677811,29.752894591749783,6.5420279685228815,2.0089218585534563
2021-01-09,0.025171959607785746,0,0.02048880433191863,3.6352992828918484,35.89989755597834,22.789989755597833,30.02956241767891,6.158349187765257,1.441241036148105
2021-01-10,0.014304707090085996,0,0.015566887127446525,3.6199323471499976,36.17450059743189,23.156375692095388,29.890106191413814,5.928038908803285,1.2011746688881035
2021-01-11,0.01738012061803709,8.690060309018545e-4,0.04258129551419087,4.0747692788987955,37.876496862888224,22.48031701340007,28.713697273059076,5.703286580808871,1.0906025687818275
2021-01-12,0.016629995394770506,0.0012792304149823466,0.03325999078954101,4.277746507700967,38.30143785498644,22.430026096300466,27.367855498132325,5.985519111702399,1.58624571457811
2021-01-13,0.032413930210647326,4.3218573614196436e-4,0.01771961518182054,3.992531830479467,35.53474341132845,22.271395354867707,30.323015619192507,6.423144410541874,1.4046036424613841
2021-01-14,0.02086350851993468,0,0.029289156191446765,4.2537484101605285,34.97125249258743,21.849710518819286,30.16983698377862,6.567591749284824,2.1377071806579226
2021-01-15,0.01661172020751872,8.518830875650625e-4,0.044297920553383253,4.242803717617794,33.42491076524658,21.31496673396543,29.985432799202638,7.090648879347798,3.8794755807712953
2021-01-16,0.025740656754470903,6.12872779868355e-4,0.03861098513170636,4.287045095179143,32.75866295674344,21.304683573783752,29.110231298187124,7.298701935452239,5.175710625988257
2021-01-17,0.022719725965151434,8.738356140442859e-4,0.03582726017581573,4.029256016358203,32.179870322794876,19.938307205648474,29.12843635855223,7.978992991838376,6.685716283052832
2021-01-18,0.02384358607534573,0,0.09219519949133684,4.506437768240343,31.042759497695123,19.78540772532189,28.187887458273725,8.176760451438563,8.184708313463679
2021-01-19,0.0179272155050495,0,0.08565225185745873,5.238730753142243,31.641535366412366,20.327470469892237,28.751269844431608,8.372009640858117,5.5654044579009225
2021-01-20,0.015476881408396209,0,0.07583671890114142,4.802476301025344,30.506480944089766,20.28632230605533,30.827626233313985,8.32578835364674,5.159992261559296
2021-01-21,0.023665045834282167,4.465102987600409e-4,0.047330091668564334,4.176657334601423,30.293491219374975,20.875249487629432,32.021039565277576,8.184980286570308,4.37714045874468
2021-01-22,0.013743353561513724,0.0012216314276901087,0.07360329351832906,4.33129422687528,28.41239833735963,20.221054206840524,30.910023791272057,8.732221445128898,7.304439714016082
2021-01-23,0.011698312619252195,8.067801806380824e-4,0.07704750725093687,4.279565468194709,27.224393805541773,18.71851036107447,29.820209036744806,9.583741765799783,10.284026962593638
2021-01-24,0.011802134646962233,0.001026272577996716,0.09390394088669951,4.388341543513957,28.333333333333332,19.56537356321839,29.38731527093596,8.755131362889983,9.463772577996716
2021-01-25,0.0192151015325965,0,0.07378598988517056,5.343335434184434,31.073124990392447,20.448711050989193,28.954852197439013,7.420103607827463,6.66687162774968
2021-01-26,0.007811584579932039,0,0.11815021677147208,5.429051283052767,25.909073155489594,17.479396945670427,26.82986368784908,9.418818107253056,14.80783501933367
2021-01-27,0.005397637184322563,3.3735232402016017e-4,0.05498842881528611,4.732041049030787,27.407852212693896,19.337709917483622,30.508794775087207,9.764663018763537,8.188215608617327
2021-01-28,0.023185095156511595,4.8810726645287565e-4,0.06906717820308192,4.534028398080762,26.29092169295124,18.61909573247817,29.461422442195897,10.510657822163,10.491133531504882
2021-01-29,0.00676167156717106,8.19596553596492e-4,0.0737636898236843,4.655513323566474,24.540974705201364,17.729922445676117,29.03277361718694,11.488079992623632,12.471390957801022
2021-01-30,0.007895045520576745,0.0015790091041153486,0.07082983695603137,4.506491983145206,23.622652915753097,16.741105667289247,27.096924090265183,12.18746898374974,15.765052468216803
2021-01-31,0.010347407576424892,7.95954428955761e-4,0.09922898547648484,4.70727449284437,24.38326797663078,16.694613511061114,26.684902867027855,11.903498485033403,15.516070319920615
2021-02-01,0.006412260241581904,0.001202298795296607,0.1410697253148019,5.13141125832592,22.402032686496582,15.096865206274396,23.58629699986374,13.796378676028567,19.838330888659115
2021-02-02,0.006443898701912406,7.159887446569341e-4,0.12744599654893424,4.46275784544667,20.34768413440541,14.326218791840592,23.488726757215378,16.008792341784385,21.231214245312064
2021-02-03,0.00655647419043935,3.278237095219675e-4,0.08556198818523351,4.108286727729296,20.512257328499025,14.781571062345513,23.239750591721794,16.517397604264332,20.748290399354843
2021-02-04,0.0036281179138321993,0.0010078105316200555,0.08767951625094483,4.664550264550265,21.238800705467373,15.167145376669186,24.263643235071807,15.43119173595364,19.142353237591333
2021-02-05,0.004657860722201305,0.0015526202407337682,0.08034809745797251,4.498717147526094,21.057412014951733,15.167935286788367,24.114909424016705,14.998699680548386,20.075767867747807
2021-02-06,0.0030613399351794544,7.98610417872901e-4,0.08345478866771817,4.2157312942147325,19.089584123624892,14.072447275074703,23.75426757442051,17.797565569242852,20.98308942440154
2021-02-07,0.0027711155541330496,8.313346662399148e-4,0.07620567773865886,4.210155861394342,19.011238259129787,13.52318245994699,22.089947639771605,19.07788358820669,22.007784063591558
2021-02-08,0.0034725035593161486,0.0023150023728774325,0.10012385262694894,5.059437685923628,20.57458358894818,14.136561989976041,22.44886738508907,16.69724398967509,20.977394001828852
2021-02-09,0.001642111624179765,0.001642111624179765,0.12217310483897453,3.8090421234473837,16.213881754826165,12.314523492048895,20.781251026319765,20.837411243866715,25.918433031403744
2021-02-10,0.0016951795873254812,0.0018646975460580295,0.10730486787770296,3.8951836557564907,15.943503054713618,11.92151996582518,19.722397390779577,20.321473856940404,28.085057330973644
2021-02-11,0.0028012032724279118,6.224896160950916e-4,0.08979412712171694,3.777422612869039,15.730156976318938,11.669812832934682,19.14264505175223,22.18210622474054,27.404638481374334
2021-02-12,0.002785407371883371,9.688373467420423e-4,0.08695315187009829,3.457538281185663,14.443911583903738,10.743074024017478,18.182049381639565,24.005125149564265,29.07759418310057
2021-02-13,0.0022656996804284544,7.552332268094848e-4,0.09634618164869571,3.618106608722296,15.326163652566821,11.492491902820905,18.609162489507654,22.2563995226926,28.59830870913379
2021-02-14,0.002979265376999433,9.57621014035532e-4,0.0917188126776254,3.461374356398877,14.466567854364994,10.479991572935077,18.05115611456978,24.072038636815847,29.373215765846766
2021-02-15,0.001722092533772148,0.0011480616891814321,0.10236883395201102,3.3402854846733763,13.573724694806936,9.952164096284106,16.979067008533924,24.422716313956602,31.626803413570087
2021-02-16,-0.012436700383943263,0.0012755590137377706,0.11543809074326823,2.8355676875390636,9.476127913057898,7.295559779073178,13.61946247943161,31.19220123219001,35.47680395933518
2021-02-17,0.002644567697326823,7.212457356345881e-4,0.08486658155966986,3.12203237431692,12.082789393841043,8.812901643719032,15.741909425960518,27.92206699411223,32.23006777305763
2021-02-18,0.0023715543908588437,0.0011857771954294218,0.08374551442720292,3.2755612802243492,11.856289732799931,8.445994518744914,15.060704381298514,29.237560085553827,32.03658715536498
2021-02-19,0.005895614606031449,0.001414947505447548,0.08348190282140533,2.8947467715614414,11.449401477205196,8.721146862118081,15.45464621595872,27.899227438662027,33.49003876956165
2021-02-20,0.003032795436734674,0.0012131181746938696,0.10165930303934628,2.8320243788228385,11.2974056254716,8.462833698481905,15.341577684448554,27.47821846317337,34.48203493295096
2021-02-21,0.001728978325095472,0.001837039470413939,0.11519318090948583,2.8326068022329753,10.944432797854338,8.3361609333025,15.259314330420725,29.246748980443094,33.26197695704137
2021-02-22,0.0017859789933150805,0.0019645768926465886,0.15341559552576542,2.779697705195592,10.830891007059975,8.307659885304428,15.362634104697662,27.152595831167837,35.409355315162784
2021-02-23,2.5926213994970315e-4,0.0025926213994970316,0.13403852635399652,2.665733322962848,10.2175209354178,7.944310492338803,15.133649633144072,28.852505768582613,35.049389437660416
2021-02-24,0.0015618069481667508,0.0015618069481667508,0.0752790949016374,2.5652679123638884,9.798776792798195,7.704862217391033,14.14263045773438,30.430090397386163,35.27996951352837
2021-02-25,0.0022266590465445965,0.0016081426447266528,0.10910629328068522,2.6337665422211662,9.805093111459131,7.633976837797785,14.540825793618396,30.838114465119386,34.43528215481218
2021-02-26,0.002056460112385545,0.0015423450842891589,0.09624233325964351,2.4851292228123123,9.880879547990068,7.844572744705901,15.084237747353594,31.193929329748237,33.41141026893357
2021-02-27,0.002424091983624774,0.0014544551901748645,0.08154645432913739,2.3097718056770296,9.201465315122261,7.405891901011719,14.595263906046075,32.78002625776437,33.62215581287561
2021-02-28,0.003124678712471097,0.0021167178374804202,0.10140086402406204,2.580984616501126,10.566151464264763,8.122652711112366,14.872865894837425,31.019088763050572,32.73161428965973
2021-03-01,0.0012863280479543096,0.0012863280479543096,0.11505489762257991,2.494047159644745,9.60501153407483,7.421255284664396,14.658422733132667,32.04071657047791,33.66291916428696
2021-03-02,0.0061582421913489015,0.004516044273655861,0.1948057279863369,2.878157125496765,10.880792853154663,8.398200151082207,15.867532104969289,29.817592866292248,31.952244884553487
2021-03-03,0.003087831151511052,0.0022055936796507515,0.0986635572697103,2.2432358117834577,8.757530264421275,7.1517110260568835,14.798798392563326,35.91794603353385,31.02682148954034
2021-03-04,0.0017274324241723607,9.301559207081941e-4,0.10749944855041843,2.292037068042234,8.557035832263654,6.904547399416925,14.169596657816896,35.36598977891522,32.60063622664976
2021-03-05,0.0024564678799278497,0.0017546199142341784,0.10492627087120387,2.2071948774456476,8.490020891674446,6.962799718325016,14.607561709982383,35.28213118474276,32.34115425916438
2021-03-06,0.002242060668212064,0.0023395415668299798,0.11190807161336735,2.41343208798236,8.996317171650215,7.30102686378604,15.414264574856556,35.53919609452528,30.21927353335114
2021-03-07,0.002666652444520296,0.0013866592711505538,0.09205284238484061,2.6211060207678893,10.213918859099417,8.210942874971334,16.902736518738568,35.6089834187551,26.34620615356718
2021-03-08,8.985398727068514e-4,0.0020965930363159866,0.10887308124298016,2.648146761512542,10.365256458255336,8.525196555597155,19.784050917259457,33.49187570198428,25.073605391239234
2021-03-09,0.0012950947361799515,0.0018501353373999306,0.12950947361799514,3.8797338025276553,13.61588600206105,9.722831225104116,20.23715034754792,29.85859415616252,22.553149762905157
2021-03-10,0.00138090076156677,0.0012428106854100928,0.11171487161075169,2.4698791021383246,9.774706040750383,8.23555405190806,20.80119862186104,34.370619955396904,24.233703644887562
2021-03-11,0.002341743385373258,0.002767514909986578,0.07802263188539083,2.3386565418198115,9.200283989606916,7.804285603280996,18.839219092446708,36.557807532111156,25.17661535055366
2021-03-12,0.003916299114742342,0.0036552125070928526,0.12340693654899204,2.2404712091094856,8.63282868193037,7.36742892352251,18.080769752942448,38.01229543864291,25.535227545681455
2021-03-13,0.011498652690760378,0.002345119956668235,0.09554472597651552,2.9483453287479935,11.008825215940158,8.867201152286038,20.12528992491077,32.816322640090654,24.124627239400436
2021-03-14,0.002124183637606547,0.0029931678529910434,0.10350567543246447,2.9163110268303702,10.77501805556092,9.096719874248329,20.44806757221259,34.451265434125204,22.20399501009953
2021-03-15,0.006176854237140334,0.004481247191650831,0.12608049531104096,3.700299032413951,11.507116099425554,8.545980624056062,19.40392145463706,34.991515909033104,21.71442828369444
2021-03-16,0.004866438386465992,0.004424034896787266,0.1713576183355601,3.2845509752047595,11.163609658552986,9.091686648557618,20.42149255139991,34.48387734215781,21.374134732508104
2021-03-17,0.0015314119946750618,0.0036097568445912173,0.10654252020096501,2.7531506067126164,11.086547748879061,9.463907353949786,20.91449361127732,32.99700608955041,22.67321090059058
2021-03-18,0.0021957248192186565,0.0033458663911903335,0.15432808729365413,2.751452315130426,10.308405234607969,8.593857825772371,20.278146055432643,36.692234662339345,21.216034228213182
2021-03-19,0.0010961150394656221,0.004494071661809051,0.13010885518456933,2.5869411046428143,9.807927761634438,7.998241831476697,19.790028203039967,38.043522343757026,21.637639713563217
2021-03-20,0.002171159077993698,0.003303937727381714,0.12989195179649254,2.7737029212473403,10.440820811409345,8.680388392039587,21.27537660170181,36.30102459828837,20.393319626711676
2021-03-21,0.0017221617339489743,0.004305404334872436,0.20551130025124426,3.2742121588445445,12.056662948072997,10.014561834217057,22.271473921687566,34.47145899628587,17.7000912745719
2021-03-22,0.0016513572092063165,0.005504524030687722,0.25761172463618537,3.460831871194138,12.524718753225306,10.463824956135824,23.420786458870886,33.41424983658444,16.450820518113325
2021-03-23,0.0017076881829685428,0.004269220457421357,0.23702711979603372,3.4097409949332893,13.254221832110344,10.921349005357017,24.168057009462302,31.8710968651968,16.13253026450382
2021-03-24,0.0018309228217206035,0.004516276293577489,0.24302448920304814,3.3255661518518562,12.07322714794711,10.297476133921018,24.656183209461233,32.529395465902724,16.868780202597712
2021-03-25,0.0016106811785461563,0.004187771064220006,0.21443535423711158,3.115594293034448,11.727799175975509,9.914816441403955,24.369069337677164,33.468129451520106,17.18435749390894
2021-03-26,0.0012025032682320969,0.004380547619988353,0.20296537305946036,3.3426155133228774,12.087476959178451,9.986703749576977,24.408583124756277,33.3515140375078,16.614558191709943
2021-03-27,0.0016724976014863941,0.004561357094962894,0.22715558332915212,3.3425624791888082,11.957901714918222,9.913197374482856,25.140907922925226,33.17923548614184,16.232805584317447
2021-03-28,0.001037344398340249,0.0038529934795494963,0.21465619442797867,3.5529045643153525,13.345954356846473,10.931831653823355,26.210877296976882,31.139448725548313,14.599436870183757
2021-03-29,0.0011466001221650311,0.007400782606701566,0.3191717794608478,3.9797447876600813,14.27339950258402,11.478405350244643,27.974958253331916,29.141571759447466,12.824201184542163
2021-03-30,9.927092595665265e-4,0.007516227251003699,0.38573845514585026,4.059755424801565,14.096329670236166,11.3317761979519,27.643265673106516,29.749369275081154,12.725256367166281
2021-03-31,0.0013142319112405317,0.005350801352907879,0.28049463934190777,3.8414998765560737,13.403006399370671,11.055788205895082,28.453120878357513,29.658177667257128,13.301247299957474
2021-04-01,0.001428254635250076,0.0054875046512239765,0.2627236815894219,3.620475157765759,12.839708485711816,10.759944222897929,29.009204725267708,29.527661157863484,13.973366809617415
2021-04-02,0.0017454879137429745,0.004987108324979927,0.2853872738969763,4.029957559708154,13.659876718682206,11.384570884264177,29.702032745353264,27.425978844686483,13.505463377170015
2021-04-03,0.001485162925343236,0.0073070015926887215,0.3105178644307638,4.436300471034273,14.679647386677614,12.15659320258751,32.29617475496297,24.866320485089854,11.245653670698982
2021-04-04,0,0,0.7130801687763713,3.2995780590717296,14.107594936708862,12.879746835443036,38.40717299578059,22.552742616033754,8.040084388185655
2021-04-05,0,0.004829984544049459,0.18353941267387944,1.6083848531684697,12.306800618238022,10.732225656877898,38.156877897990725,26.965803709428133,10.041537867078826
2021-04-06,0.0015445171015798008,0.009644651234309423,0.3948815389705691,5.271505512896375,16.743389123579217,13.256109766427826,32.98779625554138,21.73461626644224,9.600512367806498
2021-04-07,0.001756030820631377,0.01030713742544504,0.42243993611101777,5.518135980918816,16.57830523175026,13.331404244402842,34.58350002901268,20.01271977107466,9.541431638483644
2021-04-08,0.0014750223404425312,0.010509534175653035,0.43648369424261907,5.957430855254828,17.212834661058306,13.766506421878516,35.79449005404728,18.244182573348557,8.576087183653803
2021-04-09,0.001878683462833563,0.012432464092280934,0.45629905988469305,6.414819939241166,17.822627968734288,14.113443748349244,36.2451637714681,16.917655093608168,8.015679271159225
2021-04-10,0.001874334734480755,0.012775070953434619,0.4361280979547062,6.571318929892976,18.15140284089956,14.109153363000434,35.395923617900095,17.05245079131453,8.268972953349781
2021-04-11,0.0015493735550708232,0.014331705384405114,0.5220835532890434,7.218310053995669,19.58878519153024,15.085420284177244,35.782118237122766,14.722866872290671,7.064534728654889
2021-04-12,0.0014842476793787533,0.01803360930445185,0.5729938166241677,7.274594726171145,19.94012544861386,15.567457572780086,38.0657581091872,12.682154296451758,5.877398173187956
2021-04-13,0.00201287011649267,0.017240670128219827,0.6330914096829555,8.104865282103747,21.228865957727976,16.27729298724803,35.28955136625747,12.507099742965238,5.93997971376987
2021-04-14,0.0018806733646500276,0.0218018801161281,0.6232690839588314,7.335531631532902,19.165036749750637,15.65347130510373,37.11439230567768,13.601099427718061,6.483516942777379
2021-04-15,0.0010770007682605481,0.027104519334557126,0.7391216939068083,6.545532002479495,19.056571260354165,15.745930732097255,38.814090520717905,12.907495207346582,6.163077062994972
2021-04-16,0.0017295015018767882,0.022818261750567947,0.7543973970444493,6.100732862313827,18.082105573234905,15.395799208223055,38.19436695781802,14.135383145952074,7.312667092161229
2021-04-17,0.0014737984149864893,0.027378639786095164,0.8499282090118238,6.690648012157703,18.665430187586196,15.619315602026813,39.810639577496005,12.487040493745143,5.848145479775234
2021-04-18,0.0012034273611244825,0.03243523268554557,0.9260660074176971,6.776671388686408,19.05701724224878,15.960827866334752,40.53315270461704,11.313707152255338,5.398918978393321
2021-04-19,0.0010985191961236252,0.04823497924797373,1.362463399337693,7.62631972101607,21.697751431070916,17.181239688899364,38.045215050112446,9.763339019002384,4.2743381921170265
2021-04-20,6.324822651972839e-4,0.05009259540362488,1.4117004159203375,7.580805934201605,20.887979801046377,16.56369855389255,37.564513191050125,10.11086149144378,5.829715534776405
2021-04-21,8.739536391429534e-4,0.03940736409226408,1.282725591269362,7.337158601928419,20.081627269895954,16.845218043487932,38.133139686393655,10.986550647996898,5.293298841296376
2021-04-22,0.0013888282654328581,0.03822584463905676,1.337573888970455,7.689413028267285,21.02487589827428,17.28198372293273,38.23583097563202,9.702354262313946,4.688353550704797
2021-04-23,0.0010229760419010988,0.04086220967371611,1.3771530804081902,7.975746374686571,21.01601980481617,17.266812611248643,37.209275892091945,10.277101476950076,4.8360055740827885
2021-04-24,6.208095356344674e-4,0.05141431699663634,1.5531525836964128,8.294128270537508,21.281971691085175,17.365735828611417,37.495992956633636,9.39713750366842,4.559846039235162
2021-04-25,0.001129929316643859,0.06597531732181643,1.675434081179144,8.425506271107707,22.97290680594092,18.2612898770888,37.32658723682063,7.677869706595021,3.5933007746293204
2021-04-26,7.50255086729488e-4,0.07605710941720185,2.08992932597083,8.90852889982594,23.830539883560412,19.081612748334432,35.85009528239602,6.988626132885181,3.173860362523258
2021-04-27,0.001032896461167612,0.0812114842593035,2.2171122538962793,9.28225316034039,24.271001044516545,18.55727604545261,34.55451821190129,7.5343341239295,3.501260779242913
2021-04-28,0.001077013953958482,0.06876319859888769,2.242343052141559,9.671916695456078,24.08244624664779,17.71099738948387,34.01599448568856,8.16765959068499,4.038802327344308
2021-04-29,0.0014949399679675137,0.07216482936279543,2.266261039622025,10.072225985997848,24.03584866043186,17.58368775868407,33.317387307008346,8.376080688705253,4.274848790219831
2021-04-30,7.147043268199946e-4,0.07588860488415942,2.527844230841701,10.61537342001614,24.706224035116673,17.587119208783324,32.27019981833516,8.12371921735978,4.092916760336249
2021-05-01,0.001396783101073374,0.10518851199621793,2.611178562602744,10.625167882584263,24.7368138303016,18.124120295258457,32.58909864512039,7.4348078348787485,3.772227654156504
2021-05-02,0.0011889155029825927,0.16074137600324653,3.051312007888058,11.512348076413977,26.205203645373455,17.71444468927297,31.910650622119853,6.427356470157427,3.0167541972680305
2021-05-03,5.833744126148883e-4,0.17588738540338883,4.068598997179384,12.06184935522543,26.578392395131157,18.346104371516162,30.509169187330276,5.590768683294782,2.6686462505068063
2021-05-04,0.002466492696715125,0.13795915816959933,4.2849555455799635,12.668399788868227,27.311473630726578,18.34166185700591,28.182474418359917,6.047511226652591,3.023097881940505
2021-05-05,0.0013333828589823812,0.12200453159688787,3.1932614639972345,12.033494577417638,26.40031391642166,17.733896782832886,29.739104595313542,7.111978444913667,3.6646123046475063
2021-05-06,0.004617624256623253,0.13761735449015353,3.1050485215096226,11.40850906634068,25.197038887687228,16.760092546911416,28.306522758811763,9.984518807097531,5.096034432894983
2021-05-07,0.0010120768886057571,0.16193230217692117,3.5765672713451235,12.288974940413972,26.462380820918053,17.66209114202194,28.85526794454493,7.367638616580856,3.624134885109594
2021-05-08,9.22464406710867e-4,0.2059555532049796,3.869369200389403,13.411218028152383,27.867342238599726,17.941317734255225,27.421545939649917,6.188444718860523,3.093884122481134
2021-05-09,6.596058063779923e-4,0.23851345958628206,4.301091581648975,13.413479836180302,28.739354786792315,18.211518432354456,26.763439633206403,5.568260296281736,2.7636823681431504
2021-05-10,5.803354172901818e-4,0.3068316256272804,5.2711036901871084,13.555640487183293,29.64245534940752,18.261912006227828,25.974735512133567,4.7135671642904695,2.2731738295256423
2021-05-11,0.0010604071539308234,0.29808045096995445,4.955388671034131,14.340734268329669,29.958728953569015,18.615023424394032,24.29074667509337,5.093029519614351,2.447207629841554
2021-05-12,0.0014377155931552415,0.25057328909277066,4.518432027374105,13.669799859720037,27.850399530893945,18.113881452133825,26.316665074910116,6.140688686307916,3.1381223639741336
2021-05-13,0.0012633021771433894,0.27626839486404503,4.482985688365461,13.714566347840778,27.66568602835166,17.80719166346893,26.35927366441325,6.4303659944319955,3.262398916086732
2021-05-14,0.0016431380824059691,0.3147906642083015,4.5839228451541265,14.055749080707484,28.077857071201496,17.954829269305144,25.512832043614075,6.267447532006601,3.2309283557203687
2021-05-15,0.0014444771859273254,0.31814610020049344,4.306492058264431,13.676887787234287,27.831969746869817,18.156211540794924,26.068551998289742,6.295609367145655,3.344686924014722
2021-05-16,0.00139464956640345,0.40984101924709376,4.910282193393265,13.60387675388805,28.44861971532413,18.44600707180307,25.257010670928715,5.8135502292339005,3.1094176966153713
2021-05-17,0.0012110300618029008,0.5262598413012384,6.271790131181468,13.77896548429765,28.859250049450395,18.601421749292555,24.260430669201757,4.921626171166989,2.7790448740461455
2021-05-18,0.0010342866008170863,0.4025098688179828,5.402078916067643,13.844098533036838,28.948475289169295,18.75454655151609,23.763941321473514,5.893365051455758,2.989950181862061
2021-05-19,0.0028366782497695198,0.36211288888403986,4.863157550201022,13.610709551422975,27.27171559027456,18.184853229176326,25.268911642927673,6.919094663226286,3.5166082056373527
2021-05-20,0.0025745818211638256,0.4059257338034965,4.722164479543517,13.93201578314011,27.76963023283755,18.212877867559698,24.94826997637106,6.517506202835091,3.48903514208831
2021-05-21,0.0015362440639981206,0.3645416796569657,4.5761999647567535,13.72977466914273,27.545307903975708,18.22030643550712,25.268774935726256,6.67245017373113,3.621107993439334
2021-05-22,0.0015371910566224325,0.4243501311309371,4.5724601974265715,14.070080540271418,28.401739758678087,18.288218199146517,24.666280091582426,6.26294336219552,3.312390528511905
2021-05-23,0.0013008130081300813,0.39902439024390246,4.153821138211382,13.588292682926827,28.513170731707316,18.654742547425474,25.329322493224932,6.1195663956639565,3.240758807588076
2021-05-24,0.0025753991010140204,0.5331076139099022,5.547066277037398,14.019614239553324,29.33070528162848,18.671643482351648,24.356064378109796,5.070789136623206,2.468434191685238
2021-05-25,0.0014500984858554977,0.45170567834398756,4.7478641257718754,14.059429869611979,28.504585936461517,18.612255749036287,24.746655710366998,5.893683612678694,2.982369219242807
2021-05-26,0.002982683392418871,0.34911598945550404,4.378863285155895,14.110080901736206,27.665098627397512,18.162127306608493,25.111779610944456,6.663030633578766,3.5569209617307513
2021-05-27,0.002890744875576559,0.33220440110125815,4.579518031888385,14.73331722224856,28.11087509785171,17.672973501119873,25.279795196507056,6.090221303864694,3.198204500542882
2021-05-28,0.002160250243388194,0.4000783450754935,4.179652170907478,14.565847307752131,27.61879936171806,17.377773041229098,24.710526467385982,7.265065585197389,3.880097470490982
2021-05-29,0.0014634556822935277,0.40427963223358704,4.1769464265461105,14.12966461254401,28.04944528931909,17.54500431109653,24.80728117983797,7.1467858244804425,3.7391292682599637
2021-05-30,0.0014532560201130633,0.4758606101414664,4.526246611087697,14.102880837850536,28.41050930164589,18.035714574058733,24.526278905665922,6.4790997563374075,3.441956147192229
2021-05-31,0.0018638016583692979,0.49659959741884185,4.6412803074858555,13.588770802097397,28.47516173656613,18.595356234623637,25.136471699207263,6.026913295946853,3.0375825249956514
2021-06-01,0.0020496675439243754,0.5460314337014536,5.068417902616195,14.112780906936894,27.44586828016496,17.12497232948816,24.40457157848997,7.411187905321757,3.8841199957366914
2021-06-02,0.008907857892555741,0.9512043036572566,4.240527655025775,14.470234199202942,27.641470338769707,17.26885077014241,24.213881540981955,7.26261526961762,3.9423080647097786
2021-06-03,0.0480942647589275,1.9816618349743274,4.289518567503418,14.676989120899183,26.945257148455415,16.785343718131983,23.922443544903565,7.332148789405012,4.018543010968164
2021-06-04,0.061080986437882505,3.6025752920058753,4.173154572319486,13.464147332150919,25.662568315140465,16.531695953017092,24.447096781954244,7.716787380694933,4.340893386279099
2021-06-05,0.4813317557352264,13.712778544665746,3.8575560375994216,12.836225596529285,23.582791033984094,14.538388220600801,20.768914743968974,6.1536186156576616,4.068395451258792
2021-06-06,0.7112822175600841,21.339876275341833,3.9965089499808406,10.843016810610537,21.80778463143406,13.4730949491273,18.257653332581466,6.209173361904237,3.3616094714596407
2021-06-07,0.8887036107137104,31.071871840439396,4.046132460961874,9.950475685172076,19.69143062873818,12.01225182010993,15.83546395715382,4.223169366659945,2.2805006300510673
2021-06-08,0.883067287863744,31.850301687924848,4.27862216451539,9.974490185595357,19.41388528221187,11.987932483006187,15.599786145268462,4.002596807454365,2.00931795615978
2021-06-09,1.0529817157469101,30.57950375767907,4.224192592746588,10.409030903402181,18.889431722503456,11.725829755828821,15.748365435589326,4.732908537155806,2.6377555793478376
2021-06-10,0.6829146160543791,26.25886107405373,4.212396722009843,11.127864784774461,19.54088706030949,12.09179269290703,17.353691849493465,5.634279137378878,3.097312063018726
2021-06-11,0.9826338835842073,24.956957517860936,4.840641140930802,11.561368863904416,21.532086419362564,12.616079134902595,16.242267039626196,4.746648109068068,2.521317890760214
2021-06-12,0.7264053541009652,21.372789236386936,4.807565351590148,12.027463144019169,21.85882714539579,13.283196356717841,17.606563622156663,5.373906117086326,2.9432836725461633
2021-06-13,0.7129059695441694,22.267017135710482,4.929000871756417,11.78090032035061,21.470512640468044,13.134375024841082,17.616633854355733,5.233983131910789,2.8546710510626685
2021-06-14,0.48676535163021645,14.61128488155515,3.369897964492559,10.606344390128173,21.53858640345127,13.932851770689608,22.261658748145237,8.406223271088136,4.786387218819652
2021-06-15,0.8446972568540103,26.432059948578058,4.8006660953117635,10.980678867278195,20.922639659654077,13.067751812681253,16.636963921122184,4.226441568253569,2.0881008702668877
2021-06-16,1.1939911440692075,23.897871177222,4.533276326418324,11.67479424066614,22.09777270011267,13.049969247806606,16.437616853954243,4.649976957758226,2.4647313519925844
2021-06-17,0.5664916794189145,19.941124227047,4.56470705967218,12.213637330242216,22.1716487301263,13.751078902709036,18.209959679268806,5.530736739399651,3.0506156521159
2021-06-18,0.7526647404552986,18.548224002809363,4.61820410837996,12.33470300235002,22.378489559735808,13.365795690951249,18.356804788459037,5.893705114075505,3.751408992783762
2021-06-19,0.7116899823122689,18.92426435118186,4.610226724553787,13.167229458112237,23.046952886316127,13.460684997588038,17.642547033285094,5.4455700273355845,2.9908345393150024
2021-06-20,0.7973239813874683,19.010155498940016,4.5260594130948,12.079873590927118,23.172228209073296,14.059894811372665,18.359007580806917,5.255486274192242,2.739970640205477
2021-06-21,0.8641527677060673,19.144307469180568,4.757012788194804,13.314801385867375,24.477422102512747,13.970901389320534,17.23557443281881,4.2258019959252735,2.010025668473819
2021-06-22,0.42448984246266824,16.233814364804687,4.597832222456624,12.760352819764293,24.114101957385667,15.237161249123368,19.151077331843293,5.061663635275134,2.4195065768842614
2021-06-23,0.6491761375512861,14.532408043334149,4.119610852648363,12.53680356897571,23.245522356861738,14.401020048613558,19.915433908852563,6.808884217315743,3.791140865846885
2021-06-24,0.6014332628166771,14.92063342489505,4.173282511083993,12.923158832093401,23.12844239857145,13.84215262694176,19.352346131556754,6.875373981709644,4.183176830331272
2021-06-25,0.9398094615655321,21.892124578955308,6.081582122567995,14.285669398220302,23.657998592328187,12.927957367653715,14.39250163390478,3.7960007038359054,2.026356140968277
2021-06-26,0.6922967455639092,15.749249878236748,4.539013346855903,12.802679392847335,24.080461958754828,14.2181396178538,19.137575438097166,5.614538632523516,3.1660449892667946
2021-06-27,0.3933790791472422,8.010711853753078,4.10756377350584,12.03224032266513,26.340422188465766,16.029018909433766,23.377507726153684,6.390969566811587,3.3181865800639048
2021-06-28,0.4128257419973468,8.972984592930342,4.546740246479172,13.332758196408317,26.97071610204249,16.085636945287508,21.925586710377072,5.052342174413573,2.70040929006418
2021-06-29,0.2987399978823494,13.047500920169613,4.945722597853106,13.141282590390906,24.401133447283105,15.55565639606117,20.108605224546597,5.272697937307457,3.2286608885056953
2021-06-30,0.37658298848282395,10.352059131475295,3.99268335244553,10.909221219524355,22.079261604427384,14.584683651592961,23.417167323129082,7.547396170912898,6.740944558009672
2021-07-01,0.40150530534462797,10.07378169311329,3.7351590349663795,12.326620334577306,21.03457354557498,13.066213375569921,21.136438669881773,10.484063070705888,7.741644970265832
2021-07-02,0.8537411958860106,15.553001502961719,4.785606931305809,13.172722718297821,22.696195443963106,13.545810862582147,18.644387469425045,6.886216956944567,3.8623169186337782
2021-07-03,0.11632767791503901,8.536462312427025,3.6662678563706343,13.821515575223788,24.880428985340117,14.547158116270017,21.409482075158923,8.04981765240079,4.972539748893662
2021-07-04,0.05165371098639574,14.218080066420969,5.19674359795033,13.2401453909362,24.421430902862504,14.668069450474231,19.450949572668534,5.627719346057681,3.125207961643158
2021-07-05,0.024666860347199764,14.749138030268979,5.4891986559301875,13.213214859316674,24.558874314124242,14.500276816988341,19.200684094260296,5.359286524768268,2.904659843995812
2021-07-06,0.01649972823977017,11.158669151331626,4.452014907989751,13.537541734606723,27.365284571783523,16.26776147216399,19.897701684913425,4.8916841369671555,2.4128426120040376
2021-07-07,0.025568707049489214,9.456881325796465,3.9800642757958746,12.314282679757845,22.474893496501018,14.94628604695988,23.256509202767713,9.080431285083217,4.465082980288494
2021-07-08,0.03655670641483158,14.869295267937446,5.4518815098500015,13.834392317289002,23.299968085415035,13.818435024806336,18.69759480082398,6.434560594191545,3.5573156932718253
2021-07-09,0.04411778509945275,13.826701585424233,5.111092337585537,13.5047356218261,22.941248251715432,13.632082703637996,18.807630812361744,7.862978294675516,4.269412607673991
2021-07-10,0.025827888535209693,14.212668230300999,5.313913553359022,13.716004914279331,23.326422628022563,13.649690065337577,18.93428547495393,6.84788071703803,3.9733065281733397
2021-07-11,0.01914895098564873,14.005890913648674,5.320971234793992,13.622911893935703,24.056653041897906,14.106858109754825,19.180981958206544,6.225498046806999,3.46108584996971
2021-07-12,0.006053296951466528,14.453410567193925,5.246811542240372,13.567766659371669,25.108144478229082,15.130914187531138,19.10886156109872,4.953925097434799,2.424112609948826
2021-07-13,0.029322777133565247,13.353192850573794,5.098164660722141,14.358830820904474,25.10362936009703,15.156543644288057,19.289722366614686,5.122156023831421,2.488437495834833
2021-07-14,0.03225649980597594,9.129559565386108,3.7645518044237485,11.217986030267753,20.85200814901048,13.511350407450523,19.641540551028328,12.424088086922778,9.426658905704308
2021-07-15,0.030014967990616374,13.808465010840932,5.476941790708787,14.121647505795654,23.580311760733313,13.852697595248156,18.736053900563572,6.623434581192463,3.7704328869265065
2021-07-16,0.041454667756481205,14.283088450964213,5.41726469587526,14.928764455359971,23.762519505203343,13.317116475883942,17.9893703974564,6.54514452426858,3.715276827231806
2021-07-17,0.03314019370977743,13.251801329883902,4.992766172770876,13.150242671741037,22.65862749709578,13.850819239842352,19.51458524869399,7.420196275469842,5.127821370792442
2021-07-18,0.02807993113511971,14.103490657668813,5.249566142047626,13.629814442291138,23.647905283169994,14.314320304552172,19.289071382867558,6.236966999176015,3.5007848570915634
2021-07-19,0.010181406096448903,13.843613602358545,5.063700188577347,13.744898230206019,24.807659958743173,15.024214039716338,19.566449168223386,5.285920443378102,2.65336296270064
2021-07-20,0.010868130759138932,16.876654478834315,6.46188003136232,11.316829300480528,23.338534510196634,15.77819697710706,19.72720991794561,5.219807944603585,1.2700187087108068
2021-07-21,0.029756591084925312,13.45550539444487,5.175521377985224,13.684206051640437,23.236496884059818,14.299742392940038,19.849346630278607,6.63954565936355,3.629879018202532
2021-07-22,0.027610008628127698,13.479819767999231,5.327581248202473,14.444252708273417,23.123382226056947,13.865976416450964,19.195858498705782,6.712683347713547,3.822835777969514
2021-07-23,0.035503258691958514,13.467992121657831,5.2308134472818875,14.284989729414448,22.989205318726277,13.678898384601728,19.37717140466107,7.053314060135758,3.8821122748290344
2021-07-24,0.0234052586108979,12.837095958118356,5.081006288442277,13.451139801674852,23.117167412996114,14.013210203315973,20.036622345826462,7.143422606037868,4.296930124977197
2021-07-25,0.009121807862998378,12.027698567876167,4.7635667061945,13.413816762710049,23.913017613021182,14.582597970199451,20.270243472949872,6.85246070682113,4.167476392364651
2021-07-26,0.01161359254871902,12.751724618493485,4.934228354199088,14.012186529781124,25.456994866792094,15.006310051951472,20.144163395504766,5.209857617355353,2.4729209733739035
2021-07-27,0.01694081202958995,12.09412637845774,4.78537604569179,13.92857430966191,25.357975492291928,15.682351707391842,20.092609772428425,5.325868619969184,2.716176862077589
2021-07-28,0.027933070788696154,10.873046160383037,4.130160241404679,13.269782318759615,23.634918699027065,14.928455930663038,21.43607457736477,7.609991384024645,4.089637617584458
2021-07-29,0.03831296558152762,11.561036108982613,4.7247391163529215,14.231884286944362,23.069145028398992,14.24886838508875,20.829613947499386,7.360829139972667,3.9355710211787756
2021-07-30,0.02946559804764414,12.356138550708561,4.842411048559306,14.788610333065256,22.97346016251144,14.103968496075876,20.073698660528578,6.962894145705649,3.8693530047976923
2021-07-31,0.017471342736608855,12.379085524353348,4.832743853070269,14.481612477095496,23.52878510248434,14.110879106830868,19.63864149656965,7.12106362125538,3.88971747560404
2021-08-01,0.025841688230507857,11.187006519788097,4.512517504251656,13.26796084635021,22.414870843940648,13.948924252424405,20.40585419002022,9.550599073191343,4.686425081802912
2021-08-02,0.009873269533205921,13.278137055085793,5.110827450510237,14.4326043569328,25.27133860377864,14.941077737892902,19.477139854862937,5.117174552353012,2.361827119050474
2021-08-03,0.009026289066907368,13.965925758772425,5.679040204595886,14.18782203166723,24.27018691940276,14.954304411598782,19.471209898830345,5.026890819511828,2.435593666553838
2021-08-04,0.019627513412134166,13.24857155319056,5.099227984472456,13.921141012779692,22.581672264142714,14.345967636411219,19.63536441749902,7.14921271862869,3.999214899463514
2021-08-05,0.023774530993343132,13.484481715224344,5.076943027578456,14.124953171378346,22.824630414109105,14.275525201002853,19.30780092792715,7.091294199014437,3.790596812771966
2021-08-06,0.03143397119716861,13.010171412161453,5.094631776252217,14.507359818071041,23.265407496808095,13.941548336522006,19.360609741426483,7.043537990476671,3.745299457084868
2021-08-07,0.022390277986882385,13.729486837990898,5.153624329739308,14.008593234275654,23.127613003346962,14.189645654548894,19.361799869518727,6.758389598557757,3.648457194034921
2021-08-08,0.01960399921584003,13.721599206238071,5.200660934830705,13.954846788744904,23.530400201641136,14.27731257176464,19.78683651464899,6.163657386106766,3.345082396808949
2021-08-09,0.013211535557904273,14.896950022648348,5.472092203935779,12.988826815642456,24.214857315415976,15.400246615330415,19.74243796869495,4.928531883839146,2.3428456389350245
2021-08-10,0.016481033520295597,14.905234057258301,5.5934501182912895,13.330497886706185,23.652409686594538,15.280576304526969,19.70493633536245,5.122943193598979,2.3934713841409923
2021-08-11,0.0606695218792272,14.60472682986019,5.311504289559899,13.662326923336193,22.685008336441708,14.265426911202288,19.392675615795646,6.604888615251868,3.4127729566729736
2021-08-12,0.02960098793297226,14.11782118228196,5.244925049373523,13.759371719031122,23.04483162125536,14.126608975574559,19.622679906941894,6.514067406999708,3.5400931506089015
2021-08-13,0.012776705772122539,14.492388031830378,5.503811717222017,14.138571564294677,23.122888976979,13.90007305654839,18.841709719797013,6.386714846859714,3.601065380696691
2021-08-14,0.015067226419052063,13.696108814918325,5.1884437327724,13.014538396315325,22.546479439144655,14.085493215316575,19.76790562598417,7.616039801112612,4.069923748016887
2021-08-15,0.04991033059249485,14.865242107400265,5.329408181910466,12.700910229079959,23.639732006902854,14.855090853720435,19.665939160152945,5.902108077014178,2.991659053226407
2021-08-16,0.01830101243815238,15.320888644875389,5.6050118629777055,12.036183716020576,23.91386759217501,15.356510258371078,19.962809728295326,5.300103923606345,2.4863232612404165
2021-08-17,0.00842980780038215,16.662920085422055,6.433067326064966,13.153310104529616,23.319096324603798,13.674272226593235,16.77756547150725,6.188040912667192,3.7832977408115096
2021-08-18,0.020864807638065138,14.463561931772078,5.312798241173993,12.929998570374291,23.685034137143607,14.62970762222334,19.11950511767365,6.470795065086608,3.367734506914365
2021-08-19,0.017208980867499175,13.842959722657843,5.264005196001966,12.856218964852046,23.76643527063898,14.659553621241434,19.499163143914267,6.5627281230830725,3.5317269767428954
2021-08-20,0.019961498917157046,13.148885437402926,5.238389517205171,12.588322796578655,23.83020147441647,14.647365082142935,19.720320259007284,7.0316430774615535,3.7749108568678498
2021-08-21,0.017392840036712272,13.242908403952725,5.0896801590508325,12.56913653914593,23.95850335949395,14.788730509984829,19.848976632050455,6.853581720927868,3.6310898353567005
2021-08-22,0.007029972015303709,13.619759629033783,5.034811880652706,11.5632224310184,24.346415390231044,15.39482756289797,20.310670686368614,6.320755992375184,3.402506455406995
2021-08-23,0.004677686161278114,14.710047244630228,5.397199341721984,11.739291288022146,24.87848647085589,15.658767046976726,19.73813462380772,5.219447267593416,2.65394903023061
2021-08-24,0.010448753045811512,14.791254811650777,5.773980933115442,11.992242845738788,24.833760339041138,15.67689111981376,19.429665263747424,5.114037690741987,2.377718243104868
2021-08-25,0.013761744071698686,13.800162273898845,5.170975334940781,11.610324748489791,24.529735401799922,15.659144535584144,19.818344978253577,6.25757971060199,3.1399712723592503
2021-08-26,0.011593026794383178,13.091425507557206,4.940078542756532,12.312663932644515,24.958627385627544,14.65126726274146,19.70582694509253,6.820467488805483,3.5080499079803498
2021-08-27,0.010090516519780853,12.7936282974776,4.9750833040937685,11.638952145725405,24.35758955906736,14.828243355738865,19.900333216375074,7.276409060366515,4.21967054463563
2021-08-28,0.015615659578621186,12.823384450218986,4.985787309836645,11.904012492527663,25.07191743219998,15.120106381680879,19.77479290951457,6.713757640083447,3.590625724359209
2021-08-29,0.009384812156281255,14.11904768288988,4.9356067817334015,11.90530456396822,25.566105276141393,15.3200355014037,19.347728741389435,5.766296726309383,3.030489914008307
2021-08-30,0.005370184734354862,15.417800372332808,5.48653873693255,11.45173993985393,25.830230559931262,15.632607761707002,19.07883431190033,4.7769583273664615,2.3199198052413004
2021-08-31,0.013371455089608412,15.472346651040416,6.046650647139098,11.60131040259878,25.175303709005675,15.565946836667678,19.17309348613498,4.788160756352424,2.163816055971338
2021-09-01,0.014182781173636768,13.598264585595409,5.237631336041237,11.793796312011885,25.710824717100017,15.806593365713475,19.221156059418878,5.743793870713487,2.8737569722319747
2021-09-02,0.011800302571860816,12.710741301059,4.890468986384267,11.830257186081694,26.34190620272315,15.212102874432679,19.36641452344932,6.229652042360061,3.406656580937973
2021-09-03,0.01401878132621512,12.379544101549747,4.813050909300405,12.167149962552571,25.74059493403491,14.973786799300981,19.097228890211817,7.011119006010793,3.8035066157125574
2021-09-04,0.010700155543724488,12.630881170857997,4.82603112962325,12.202613969705512,26.625640704435604,15.011796269038447,18.940580209409873,6.335796978902425,3.4159594124831667
2021-09-05,0.012982195845697328,14.528189910979227,5.035237388724036,11.945103857566766,26.09495548961424,15.198813056379823,18.504080118694365,5.664317507418398,3.016320474777448
2021-09-06,0.010144370408337605,15.852447462839569,5.626922091235264,12.261340338288058,26.957329574577138,15.11030668033487,17.564710404920554,4.479006492397061,2.1377925849991457
2021-09-07,0.02375758622923911,16.014052972218025,6.1366565156980055,13.029956156454503,26.918785051438775,14.928403274227339,16.95427744541155,4.134539930743037,1.8595710675795338
2021-09-08,0.008249872126982031,13.130260766672402,5.088992549186916,11.718118369165278,26.421276184504855,16.13887127606665,19.34312161018647,5.39023073713786,2.760878634952587
2021-09-09,0.017493343782690688,12.21420249595029,4.668273721848837,12.01862691245981,26.905462471529585,15.38644545750342,19.20384293776218,6.3115984367947995,3.274054222368389
2021-09-10,0.015192240271123057,11.960032721748275,4.662615402594367,12.690896342175998,27.561528573098048,15.182423746640177,18.654668692298703,5.942736940516536,3.329905340656772
2021-09-11,0.014752087290947395,11.939097172257794,4.613780002381039,13.572437924769531,27.82605995041228,14.814977768345644,18.018509987421904,5.932409559352565,3.267975547768294
2021-09-12,0.010864807646341198,12.290891255692383,4.297186635665748,12.753732061426518,28.187967380743217,15.373702819572795,18.445649575806865,5.600342707075473,3.0396627563706575
2021-09-13,0.0030543560844682174,14.37418152801799,4.878188461406302,12.155955421672946,28.24248532954593,15.54056375777429,18.111186197364855,4.494484978294982,2.1998999698382335
2021-09-14,0.009095208644086295,14.010987012042056,5.1482519008986065,12.49245097682541,28.048895841670607,15.873321934005165,18.159129770436934,4.299123221886711,1.9587441335904245
2021-09-15,0.015955217220817504,10.894979515123653,4.447178766039726,12.328785645713051,27.997349811376882,16.105034006246875,19.12246305285504,6.044863907405654,3.043390078018308
2021-09-16,0.025102454681607794,10.052827974852416,4.019777349688476,12.804790338093397,29.820023861434453,15.759546689155457,18.70725178890246,5.811077233765904,2.9996023094258306
2021-09-17,0.019440463580285377,9.717240949591876,4.051093526076391,12.980995700666709,28.99993769082186,15.494797183625147,19.01601345878248,6.315159823041934,3.4053212038133216
2021-09-18,0.018642079834706893,9.311977795211575,3.8249922971961796,13.296463442104692,29.611131393003525,15.680060483192351,19.160951056772902,5.99135732465441,3.1044241280296614
2021-09-19,0.02027906611629717,10.35900488660077,3.9086264530605033,13.920924725414904,30.305101820536805,15.716276240130309,18.252794913225223,5.053412443496634,2.4635794514185534
2021-09-20,0.008598399469355918,11.32808421518109,4.353553902752102,13.048071194747607,29.255440023092845,15.992101755916005,18.543676798447375,4.990756720570443,2.47971698982318
2021-09-21,0.005333069219429133,11.53390498756252,4.627961281917467,12.887742702266172,28.68391279669959,16.219006296831015,18.899254513109828,4.914423285703946,2.2284610666900306
2021-09-22,0.04155983852780384,9.61010148545864,4.146510654292428,13.274701365057343,28.73832275492835,15.695256372253919,18.970843939750456,6.485779506721387,3.0369240830096658
2021-09-23,0.05713794205106781,13.248015531690054,6.15983878498931,13.81325108746406,29.24110982772603,14.035658990931656,13.399768990685901,6.403750215035266,3.6414686294266545
2021-09-24,0.016134285056962988,9.087187883749488,3.905393332954875,13.747904783815521,29.495564565524617,15.48861487162786,18.774033362116104,6.149254088099172,3.3359128270554033
2021-09-25,0.011720319685672187,8.337333124972094,3.6260436665624862,14.09005670402286,29.59659775862839,15.463008438630174,19.15825780238425,6.346274054560879,3.370708130553199
2021-09-26,0.016932694268110206,10.373521412946946,3.9142168974466185,14.928761736257737,29.764220871446295,14.943275474201831,17.48628970112067,5.499669985244367,3.07311122706743
2021-09-27,0.005007385894193936,11.759845772514458,4.375453794346662,12.839438171302673,28.820009514033202,15.468315765754486,18.153276082221275,5.599759645477079,2.9788938684559727
2021-09-28,0.007793510927963604,11.478867408024394,4.59963273079752,12.937228140419583,28.578317478409538,15.116488633651407,17.709292300498298,6.23334745907189,3.3390323381994067
2021-09-29,0.016477245326088703,9.014258845467552,3.7841400485475916,12.560081662835373,27.276673043226644,14.764013696207822,19.062565306155253,8.629655826514702,4.8921343257189704
2021-09-30,0.01636607639684462,7.975598180092304,3.3881869660567574,13.242610716506825,28.647589276946743,14.97905142221204,18.501440214722923,8.329514582174069,4.919642564891493
2021-10-01,0.016423767785211693,7.337534360251024,3.4187369258164337,13.571218643569663,28.423058969970437,14.710941686980275,18.501806614456374,8.447867503414415,5.572411527756167
2021-10-02,0.03595729379874979,8.595373758287957,3.407645073850749,11.778977232315729,27.789456215079937,15.385770394898016,19.71012889306854,8.37962999549546,4.917061143204862
2021-10-03,0.007909332683010424,8.745085503181858,3.448469049792545,12.96768048932405,29.95692709243044,14.86031788926275,17.719871209699477,7.772237583171576,4.5215018504542925
2021-10-04,0.003956421812113125,9.549723230310507,3.702491466717501,12.564516651140709,29.725676098536486,15.380050282524484,17.852454240384997,7.058256512809814,4.1628750957633915
2021-10-05,0.006849646235917934,9.168050026592745,3.6645607362160946,12.687156510387288,29.605782713104585,16.001176527471113,18.68583493158412,6.6292487952681025,3.5513401131400393
2021-10-06,0.012968024094588769,7.11847262612214,3.1531750585992593,11.07761038220009,27.606005491958204,16.192523285708265,21.51557297593459,8.562786309656964,4.760885845725901
2021-10-07,0.014843326133467095,7.712899362248815,3.356127222660129,11.868007001955224,28.35791865857279,14.920101958295373,19.125881642388446,9.011434479511092,5.632786348234667
2021-10-08,0.011551595925174537,7.278227407605282,3.1543076623179718,12.656217285519352,29.347912410023895,14.906973554065079,18.34321235443184,8.716762087662174,5.584835642449227
2021-10-09,0.008444488502645328,8.017491105750697,3.2742586289822193,12.372277111397489,28.189538380200247,15.049914270084114,19.052234668663974,8.679465574023284,5.356375772395334
2021-10-10,0.011774717540582635,9.906283952665635,4.038728116419843,12.074972837867492,28.372252342901184,14.945863060035002,18.293094128162448,7.669622834388598,4.687408010019214
2021-10-11,0.006537087073999826,10.606786949068828,3.67311659257968,11.793631424503907,28.65059995932479,15.358522908858479,19.09483134315349,6.897353206078039,3.918620529358784
2021-10-12,0.004756091760863706,9.712732057643832,3.636824833140447,12.177972953691519,28.657830905084264,15.87187088796233,19.71558571270035,6.63474800640487,3.587678551611522
2021-10-13,0.018972679341747883,8.526721521009746,3.4485341108803325,12.300287585876339,28.630272407732864,15.445258827288704,19.15691404377696,7.834718006071258,4.638320818022048
2021-10-14,0.013295775344685247,6.208508677812443,2.8567364746406274,20.404686297002886,32.91570169227392,12.801976432465192,14.723061367733317,6.248705207924282,3.8273280748026504
2021-10-15,0.009359604514165619,7.206611851528311,3.1153301813210654,14.018985815944795,30.71964013738765,14.623672992435738,17.871739383230427,7.716852109739945,4.717807923897906
2021-10-16,0.00940910801656003,7.535351362976504,3.14264207753105,14.277649335985807,30.446977436062873,14.740039787085326,17.846389590838214,7.41124074771045,4.590300553793215
2021-10-17,0.0048837229952317105,7.480087729423987,2.793489553272538,13.186052087125619,30.261323577726674,14.931317095694332,19.051847379216653,7.563111020342926,4.727887834202044
2021-10-18,0.012248544584702288,9.517839644936307,3.3625857398120926,12.786760043806558,29.658049455300016,15.376966972159778,18.97803908006225,6.578188944607759,3.729321574730532
2021-10-19,0.01846174502651778,8.017432362879584,3.222413677355831,14.395685546131984,32.21630451809251,15.283527647861794,17.770268758251838,5.893212791192069,3.1826929532078685
2021-10-20,-0.13861073567278,7.213184298018015,3.1530242790761913,13.174925761865769,30.044000276234918,15.1366869567791,19.294515750323097,7.496325089036433,4.625948324339256
2021-10-21,0.023686329829511063,7.571203739281936,3.38346062542438,14.599727344025517,30.801703310296187,13.947037366501213,17.14837643368091,7.264860540153592,5.259944310806756
2021-10-22,0.019254421640398135,7.060085583939454,2.879911351070978,12.742890599519818,29.346096264249255,15.033380879966362,19.287822167733516,8.281758989653696,5.348799742226518
2021-10-23,0.010809934329648947,7.258870902359268,2.917601275572251,13.072453584844473,29.605707645326056,14.700970191606086,18.627138340134582,8.209604626651894,5.596843499175742
2021-10-24,0.014623535361536447,8.19588225616778,3.0343835875188128,12.666418878984151,29.37380802953954,14.625972617430035,18.692534075883962,8.150793022136376,5.245583996977802
2021-10-25,0.005467169646274124,8.945200736245512,3.091684434968017,11.577642920926504,28.459351593679955,15.065697155249394,18.76423742095384,8.668197474167624,5.422521094162885
2021-10-26,-0.0013445920507717958,10.239068466627225,1.96175980207605,14.475878018609153,36.20448555908137,15.882321303716452,12.156456731027806,5.0193621255311145,4.062012585381596
2021-10-27,0.016482610845557938,6.866428331902946,2.92992616927073,11.83280948943692,28.371688558226243,14.66554509130798,18.667977697322428,10.170339257600473,6.478802794086722
2021-10-28,0.01789100797938956,6.5391634164668835,2.6246108705764484,11.513758185136151,27.385765914051596,13.877607614412996,18.835205925501842,11.699377392922317,7.5066196729523735
2021-10-29,0.27333722128051535,6.404075804069263,3.325829958631515,13.379625339968278,25.960223030091623,12.754737754328973,18.62794525625024,10.283665716481444,8.990559918898148
2021-10-30,0.016308611828592084,6.045205708895686,2.4551072401421052,10.701534772605058,26.493119528901506,14.040833237832453,19.19611766883821,12.387492617047348,8.664280613909042
2021-10-31,0.014116539879225159,6.434528010874964,2.2549865370036337,10.588450579039552,26.77384780278671,14.271298983086295,20.016207879120593,11.301074425535253,8.345489242673777
2021-11-01,0.005719888870730511,7.595195293348586,2.618074848831508,11.492890995260662,27.636051642425237,14.641281255107044,19.987743095277004,9.856185651250204,6.166857329629025
2021-11-02,0.04718708050278648,8.081194321278932,2.9858031973314896,11.362323556929585,27.675222714884267,14.994101614937152,19.686775413903916,9.269007037383558,5.89838506284831
2021-11-03,0.0166911649894738,7.214352248192239,2.8197300338669122,11.726351042120962,28.57796658536454,15.057584519213684,18.886322397928144,8.894237240681214,6.806764767642831
2021-11-04,0.04420303692544893,4.2770858529064375,2.340992835571775,10.46091390662904,25.908991251334935,14.963258435707566,22.651757866372453,11.527798405861676,7.824998408690671
2021-11-05,0.025845269540316036,4.668172584371883,1.9952548085123982,12.170537426534821,27.571216640218342,13.623558480091388,19.404111465478476,11.171359306106202,9.369944019146176
2021-11-06,0.09479964041515705,5.463510310822959,2.2730120678852597,10.881800103516849,26.63869895665913,14.268980359040018,20.0697376665123,11.891361791386307,8.41809910376202
2021-11-07,0.08138221263244688,6.519678968587536,2.442537197560675,11.504339492324908,27.8493144083995,14.489781713630986,19.597586374904296,10.267008614735534,7.248371017224117
2021-11-08,0.04565405962420187,7.018333365943376,2.488146249519002,11.965276826651536,29.647746319956692,15.062578671727744,19.384713716436114,8.563397183796722,5.82415360634461
2021-11-09,0.04793343005234331,7.089034748541226,2.6146088312551528,11.962266803862795,30.12584123169742,15.423699566042682,19.04618865319844,8.252219317811424,5.438207417538522
2021-11-10,0.10138699467332286,6.995187977663981,3.0102158976866265,12.533902884640128,28.16963022052958,15.59558426185636,19.38189959084944,8.59627904583001,5.615913126270554
2021-11-11,0.10456713886620088,5.586278294255051,2.338454175142154,12.148516551261308,28.144167390659707,14.4994563549248,19.675269611540884,10.287117432538588,7.216173050811306
2021-11-12,0.08091425952711702,5.695504604236183,2.403797957810016,12.084150829908202,28.130236155068957,13.905795752359404,18.955418391166738,10.86542454924313,7.878757500680253
2021-11-13,0.10978851265457067,6.034901190338611,2.3078701028545012,11.929388651334797,26.600023113371087,14.348780769675257,19.849185253669248,10.808390153703918,8.011672252398013
2021-11-14,0.12282756655797905,6.195827661527747,2.349552059261135,10.615720662255848,26.601032004811803,14.565829877489001,20.736965399347874,10.34157459875273,8.470670169995884
2021-11-15,0.1250997416859388,7.687210072895957,2.508080767098092,11.350941967244154,28.02234213765029,14.817895348994469,20.134296263236905,8.946998282414357,6.407135418779839
2021-11-16,0.1604972695061989,6.458654951272758,2.3346912127744943,11.275613255986345,28.324367701964732,15.287364920465443,20.912930231292886,9.0742163856831,6.171664071054046
2021-11-17,0.27615134815981107,6.045192875418224,2.400487108836843,11.681386538083055,27.821787049793343,14.659392836055895,20.363240503837826,10.13580003936233,6.6165617004526665
2021-11-18,NA,NA,NA,NA,NA,NA,NA,NA,NA
2021-11-19,0.054008641382621216,5.646903504560729,1.9083053288526164,9.811569851176188,30.046807489198272,16.406625060009603,21.85549687950072,8.941430628900623,5.328852616418627
2021-11-20,NA,NA,NA,NA,NA,NA,NA,NA,NA
2021-11-21,NA,NA,NA,NA,NA,NA,NA,NA,NA
2021-11-22,NA,NA,NA,NA,NA,NA,NA,NA,NA
2021-11-23,NA,NA,NA,NA,NA,NA,NA,NA,NA
2021-11-24,0,0,0,0,0,0,100,0,0
2021-11-25,9.425579181212314,5.236432878451285,1.9041574103459218,12.059663598857504,29.165344335131703,13.67819739765154,17.708663916217073,6.442399238337036,4.37956204379562
2021-11-26,23.272775029549532,6.381823753447445,1.8719082432254959,9.232587663616863,21.59873921989231,11.854835179267171,16.97587882502298,5.6805148185439736,3.1309372674342253
2021-11-27,54.96564023895936,4.745513276212569,1.264638754817226,5.1196667539691445,12.802284830570834,7.148825781668974,9.483543482870006,2.9395991569074966,1.5302877240243948
2021-11-28,61.423841059602644,3.7003311258278146,1.5811258278145695,4.776490066225166,12.01158940397351,6.19205298013245,7.226821192052981,2.160596026490066,0.9271523178807948
2021-11-29,NA,NA,NA,NA,NA,NA,NA,NA,NA
2021-11-30,55.46870189772268,3.4220043742119595,1.0335882726145955,5.057649115386572,12.221826621657437,6.539098869504461,9.470677520994343,4.089379552566838,2.6970737753411163
2021-12-01,56.4943431119672,3.4743051517767265,1.0281525272214522,4.842101488439048,11.779185418368941,6.33284581041933,9.351474991611362,4.079567837831608,2.618023662364341
2021-12-02,54.64158584503138,3.761051873160253,1.0751219355408956,4.925633381812922,12.034187484766427,6.725002879312608,9.865998130455628,4.190672098523382,2.780746371396507
2021-12-03,58.0881664471034,4.159653344075602,0.9796513843373362,4.417032303019085,11.217106337575803,6.524839682522401,9.398686975361734,3.3097801826911564,1.905083343313482
2021-12-04,75.2351962606591,3.522291583865049,0.7668123975144046,2.6579021897705988,6.474352719423296,3.8226383391919194,5.206803734581049,1.5302928975846124,0.7837098774099733
2021-12-05,66.83633538099447,3.764618442463725,1.1188000067567188,4.07655362300888,9.443640520042116,5.149745778458454,6.77642580841324,1.8569715260612272,0.9769089138011611
2021-12-06,50.3733827928838,3.978743653791809,1.27914870672154,5.778906714393833,13.708784159084782,7.5433393641935815,10.602187350784932,4.23015581707329,2.505351441072432
2021-12-07,51.726301985762454,4.038029224428625,1.2495316597976769,5.693767953041089,13.20750593230923,7.125015611340077,10.20263519420507,4.126077182465343,2.6311352566504307
2021-12-08,52.750274017059475,4.131993558302869,1.2335360141080516,5.691594564971129,13.033720937352658,6.880430589488768,9.821138808775894,3.9746251017996337,2.4826864081415216
2021-12-09,52.01245636048031,4.067170728853118,1.1913507609692036,5.64079393044982,13.214729191181728,7.084717553976478,10.236514819558307,4.068470975249809,2.483795679281224
2021-12-10,54.44929335667599,4.734807239240553,1.2554691676117804,5.1169065511223994,12.565156276073116,6.997989099846425,9.820885644548651,3.208106953868084,1.8513857110130014
2021-12-11,70.22104145252884,4.343654064833817,1.186992258597669,3.3567703975877694,7.894727855730584,4.5314692956245874,6.024771121530113,1.642871046062539,0.7977025075040722
2021-12-12,55.932407758294,4.68443173596996,1.6837771729768838,5.853171185448032,12.982740207393118,6.73769249319599,8.646260378268508,2.3426465015330553,1.1368725669204534
2021-12-13,47.81568232488874,4.461603353734645,1.4448777212509363,6.66399814063993,14.992381788601088,7.771866849159414,10.657748624848281,3.928758963234598,2.2630822336423657
2021-12-14,50.10487457001427,4.764209697509471,1.5114845721440233,6.326034063260341,13.777614281012218,7.241185695754032,10.031817331087405,3.977489076910169,2.2652907123080794
2021-12-15,40.46299503521533,4.9012816072047105,1.6741715737212792,7.562637108878882,16.926451910864795,9.115575568641034,12.146403417619213,4.549128276180579,2.6613555016741715
2021-12-16,0,0,0,0,100,0,0,0,0
2021-12-17,0,0,0,0,0,100,0,0,0
2021-12-18,NA,NA,NA,NA,NA,NA,NA,NA,NA
2021-12-19,NA,NA,NA,NA,NA,NA,NA,NA,NA
2021-12-20,NA,NA,NA,NA,NA,NA,NA,NA,NA
2021-12-21,NA,NA,NA,NA,NA,NA,NA,NA,NA
2021-12-22,NA,NA,NA,NA,NA,NA,NA,NA,NA
2021-12-23,NA,NA,NA,NA,NA,NA,NA,NA,NA
2021-12-24,31.441455450163268,5.423728813559322,2.6589954905924427,10.150831907945888,20.21458560099518,10.5146944487638,13.70859897372104,3.90607992536153,1.9810293888975274
2021-12-25,33.5978835978836,4.497354497354497,5.026455026455026,8.465608465608465,16.137566137566136,13.227513227513226,13.227513227513226,2.380952380952381,3.439153439153439
2021-12-26,44.97507477567298,7.467597208374875,2.2831505483549352,7.3678963110668,16.271186440677965,8.664007976071785,10.049850448654038,2.0438683948155534,0.8773678963110667
2021-12-27,0,0,0,0,100,0,0,0,0
2021-12-28,NA,NA,NA,NA,NA,NA,NA,NA,NA
2021-12-29,NA,NA,NA,NA,NA,NA,NA,NA,NA
2021-12-30,0,0,0,0,0,0,100,0,0
2021-12-31,35.144058397173,5.61789058268204,2.405272253604684,8.508086357656891,18.357450540380203,10.179524878124274,14.016353271944078,3.840697464469035,1.9306662539657973
2022-01-01,35.78031120012325,6.008319211215529,2.3802187644430752,9.120320443691266,18.20212602064397,10.445231859497767,13.426282545062392,3.1890309659528575,1.448158989369897
2022-01-02,39.96102883865939,6.829696024941543,2.7727981293842556,9.128994544037413,17.766952455183162,9.101714731098987,10.508573655494933,2.6792673421667965,1.2509742790335152
2022-01-03,37.90151060696951,5.906091508970933,2.3395320935812838,8.916398538474123,18.487211648579375,9.739870207776628,11.157768446310738,3.637454327316355,1.9141626220210504
2022-01-04,NA,NA,NA,NA,NA,NA,NA,NA,NA
2022-01-05,NA,NA,NA,NA,NA,NA,NA,NA,NA
2022-01-06,NA,NA,NA,NA,NA,NA,NA,NA,NA
2022-01-07,NA,NA,NA,NA,NA,NA,NA,NA,NA
2022-01-08,60.715957944919765,7.568211807772528,1.8516153747924913,4.83548290980292,10.60315838760482,5.831524283829226,6.546630911335291,1.4174434938066658,0.6299748861362959
2022-01-09,NA,NA,NA,NA,NA,NA,NA,NA,NA
2022-01-10,NA,NA,NA,NA,NA,NA,NA,NA,NA
2022-01-11,NA,NA,NA,NA,NA,NA,NA,NA,NA
2022-01-12,NA,NA,NA,NA,NA,NA,NA,NA,NA
2022-01-13,NA,NA,NA,NA,NA,NA,NA,NA,NA
2022-01-14,NA,NA,NA,NA,NA,NA,NA,NA,NA
2022-01-15,0,0,0,0,50,0,50,0,0
2022-01-16,33.947494359745676,9.759349148834348,3.165379093457305,10.34388459697819,19.029876256238463,9.297873795036576,10.685718192383947,2.567170301497231,1.2032542558282628
2022-01-17,40.57153965785381,9.27293934681182,2.779937791601866,8.579574909279419,16.569466044582683,8.981337480559876,9.305339554173147,2.5855365474339034,1.3543286677034734
2022-01-18,NA,NA,NA,NA,NA,NA,NA,NA,NA
2022-01-19,NA,NA,NA,NA,NA,NA,NA,NA,NA
2022-01-20,NA,NA,NA,NA,NA,NA,NA,NA,NA
2022-01-21,NA,NA,NA,NA,NA,NA,NA,NA,NA
