"date","mmwr_week","location","distributed","distributed_janssen","distributed_moderna","distributed_pfizer","distributed_unk_manuf","dist_per_100k","distributed_per_100k_12plus","distributed_per_100k_18plus","distributed_per_100k_65plus","administered","administered_12plus","administered_18plus","administered_65plus","administered_janssen","administered_moderna","administered_pfizer","administered_unk_manuf","admin_per_100k","admin_per_100k_12plus","admin_per_100k_18plus","admin_per_100k_65plus","recip_administered","administered_dose1_recip","administered_dose1_pop_pct","administered_dose1_recip_1","administered_dose1_recip_2","administered_dose1_recip_3","administered_dose1_recip_4","administered_dose1_recip_5","administered_dose1_recip_6","series_complete_yes","series_complete_pop_pct","series_complete_12plus","series_complete_12pluspop","series_complete_18plus","series_complete_18pluspop","series_complete_65plus","series_complete_65pluspop","series_complete_janssen","series_complete_moderna","series_complete_pfizer","series_complete_unk_manuf","series_complete_janssen_12plus","series_complete_moderna_12plus","series_complete_pfizer_12plus","series_complete_unk_manuf_1","series_complete_janssen_18plus","series_complete_moderna_18plus","series_complete_pfizer_18plus","series_complete_unk_manuf_2","series_complete_janssen_65plus","series_complete_moderna_65plus","series_complete_pfizer_65plus","series_complete_unk_manuf_3","additional_doses","additional_doses_vax_pct","additional_doses_12plus","additional_doses_12plus_vax_pct","additional_doses_18plus","additional_doses_18plus_vax_pct","additional_doses_50plus","additional_doses_50plus_vax_pct","additional_doses_65plus","additional_doses_65plus_vax_pct","additional_doses_moderna","additional_doses_pfizer","additional_doses_janssen","additional_doses_unk_manuf","administered_dose1_recip_5plus","administered_dose1_recip_5pluspop_pct","series_complete_5plus","series_complete_5pluspop_pct","administered_5plus","admin_per_100k_5plus","distributed_per_100k_5plus","series_complete_moderna_5plus","series_complete_pfizer_5plus","series_complete_janssen_5plus","series_complete_unk_manuf_5plus"
"2022-05-04T00:00:00.000","18","IN","13481380","607400","4740600","8133380","0","200252","236307","261052","1241670","9542620","9293957","8753408","2751775","305717","3438431","5766877","31595","141746","162908","169500","253446","9554881","4137825","61.5","3992109","70","3732823","72.3","1009899","93","3692509","54.8","3590265","62.9","3367783","65.2","943662","86.9","281658","1254698","2147629","8524","281625","1254630","2045526","8484","281342","1254269","1823821","8351","31123","461488","447120","3931","1697008","46","1692762","47.1","1639517","48.7","1116880","59.8","653501","69.3","660512","1013419","21476","1601","4137368","65.5","3692423","58.5","9542163","151130","213520","1254689","2147570","281641","8523"
"2022-05-04T00:00:00.000","18","NM","4484145","187600","1753200","2543345","0","213854","250871","276630","1187520","3946642","3810783","3543742","1048161","119699","1603114","2214165","9664","188220","213199","218616","277581","4094509","1839561","87.7","1757252","95","1619829","95","428832","95","1491406","71.1","1429291","80","1315461","81.2","356706","94.5","110068","563693","815324","2321","110049","563629","753303","2310","109906","563207","640077","2271","21392","167534","166648","1132","741435","49.7","741221","51.9","708153","53.8","443885","63.6","246972","69.2","311102","419242","10815","276","1839304","93.1","1491344","75.5","3946364","199731","226948","563676","815290","110058","2320"
"2022-05-04T00:00:00.000","18","IL","27563445","1168000","9591640","16803805","0","217518","254327","279720","1349010","22673553","21774230","20271044","5400199","683668","8043484","13915782","30619","178929","200910","205715","264297","22926086","9724750","76.7","9249505","85.3","8552161","86.8","1982757","95","8718057","68.8","8298374","76.6","7663222","77.8","1812203","88.7","627032","2824851","5256700","9474","626975","2824735","4837199","9465","624375","2817064","4212535","9248","84333","807073","916946","3851","4469943","51.3","4468898","53.9","4286337","55.9","2617327","68.4","1408138","77.7","1815204","2598688","54231","1820","9716145","81.5","8712070","73.1","22658896","190014","231142","2824754","5250869","626978","9469"
"2022-05-04T00:00:00.000","18","UT","6289350","247100","2133760","3908490","0","196177","242621","276482","1719000","5212257","4979196","4527679","1000005","184466","1812289","3215170","332","162580","192080","199039","273321","5181712","2311518","72.1","2182850","84.2","1967041","86.5","376591","95","2060458","64.3","1956996","75.5","1766275","77.6","343176","93.8","170088","667934","1222422","14","170044","667862","1119077","13","169876","667444","928944","11","16947","147527","178699","3","916669","44.5","916342","46.8","875386","49.6","474688","65.6","256039","74.6","350811","553341","12510","7","2310925","78.1","2060334","69.6","5211564","176176","212611","667911","1222353","170056","14"
"2022-05-04T00:00:00.000","18","OH","23284855","985800","8767040","13532015","0","199201","232832","255566","1137890","17871601","17375693","16428733","5291730","626747","6806771","10416608","21475","152891","173745","180316","258597","17777324","7430148","63.6","7169040","71.7","6730603","73.9","1899830","92.8","6827307","58.4","6598769","66","6202416","68.1","1794766","87.7","552794","2395008","3874011","5494","552779","2394979","3645536","5475","552520","2394341","3250209","5346","91537","810416","890199","2614","3554159","52.1","3553211","53.8","3448007","55.6","2341487","66.8","1353174","75.4","1510310","1983358","59521","970","7429625","67.6","6827261","62.1","17871069","162490","211714","2394999","3873982","552786","5494"
"2022-05-04T00:00:00.000","18","NJ","22128855","970300","7959080","13199475","0","249137","290467","318694","1499720","17255775","16663383","15502663","3948048","576030","6510368","10165939","3438","194274","218726","223265","267567","17752244","8031839","90.4","7704515","95","7144733","95","1618260","95","6721077","75.7","6447002","84.6","5960249","85.8","1369805","92.8","516217","2315310","3887929","1621","516117","2315214","3614143","1528","515838","2314511","3128423","1477","93479","637187","638871","268","3191892","47.5","3191134","49.5","3058185","51.3","1843340","61.2","936486","68.4","1355137","1770137","66530","88","8030346","95","6720875","80.3","17254214","206205","264462","2315275","3887831","516156","1613"
"2022-05-04T00:00:00.000","18","GA","21804595","833400","8519140","12452055","0","205366","242594","268743","1437390","14938437","14556551","13655093","3623118","342175","5821191","8734007","41064","140697","161954","168300","238842","15036407","6943828","65.4","6730386","74.9","6264581","77.2","1445694","95","5814443","54.8","5658676","63","5284445","65.1","1266519","83.5","320501","2149451","3332248","12243","320357","2149362","3176878","12079","319985","2148336","2805290","10834","35398","690524","537780","2817","2186825","37.6","2186090","38.6","2126508","40.2","1389196","50.9","743320","58.7","978289","1181311","25391","1834","6941850","69.7","5814131","58.4","14936220","149949","218903","2149404","3332094","320398","12235"
"2022-05-04T00:00:00.000","18","KY","8911975","382500","3672300","4857175","0","199477","234146","257215","1187370","6532972","6367128","6014174","1838399","236591","2681726","3612124","2531","146228","167285","173579","244936","6592835","2956176","66.2","2865112","75.3","2690651","77.7","728124","95","2564469","57.4","2490594","65.4","2339511","67.5","647878","86.3","211041","980159","1371430","1839","211005","980034","1297735","1820","210875","979759","1147163","1714","38863","296258","311910","847","1135516","44.3","1135358","45.6","1105617","47.3","768240","59.2","444323","68.6","511933","599722","23641","220","2955694","70.5","2564415","61.1","6531772","155701","212440","980146","1371413","211018","1838"
"2022-05-04T00:00:00.000","18","VA","19738585","783200","7018700","11936685","0","231252","270134","295724","1452540","16516534","15865901","14742093","3829023","507393","5856050","10142806","10285","193504","217134","220866","281772","16599980","7317991","85.7","6970548","95","6446698","95","1467502","95","6251399","73.2","5958067","81.5","5494450","82.3","1266677","93.2","456025","2023143","3768428","3803","455105","2022857","3476496","3609","453588","2017097","3020472","3293","73274","588764","603578","1061","2956680","47.3","2955015","49.6","2822791","51.4","1736067","63.8","930692","73.5","1224616","1686715","44516","833","7311152","91","6247301","77.8","16505349","205545","245809","2023003","3764579","455921","3798"
"2022-05-04T00:00:00.000","18","DC","1886805","71000","672280","1143525","0","267348","309437","326674","2160230","1579921","1535961","1470270","287455","39897","568482","969974","1568","223864","251898","254557","329111","1483275","713738","95","684068","95","649446","95","103470","95","547468","77.6","527117","86.4","500953","86.7","84896","95","42000","184622","320284","562","41979","184606","299979","553","41956","184515","273955","527","2995","44771","36983","147","218601","39.9","218527","41.5","211427","42.2","104595","55.1","54975","64.8","92203","124667","1646","85","713466","95","547418","82.9","1579644","239202","285715","184614","320245","41997","562"
"2022-05-04T00:00:00.000","18","ME","3421650","154000","1350220","1917430","0","254547","288762","312374","1199460","2852471","2764672","2610978","883587","143728","1167271","1537842","3630","212204","233318","238365","309743","2866335","1216831","90.5","1170719","95","1102540","95","330607","95","1070198","79.6","1028883","86.8","966819","88.3","286806","95","131868","385761","551722","847","131846","385740","510458","839","131786","385673","448603","757","24656","131584","130270","296","598503","55.9","598407","58.2","576747","59.7","392441","70.2","223375","77.9","273122","313896","10860","625","1216661","95","1070164","83.6","2852284","222717","267176","385754","551714","131849","847"
"2022-05-04T00:00:00.000","18","MT","1987895","105000","817800","1065095","0","185997","216641","236601","962955","1591730","1549640","1468358","519033","61168","669980","858325","2257","148930","168880","174765","251424","1596566","697443","65.3","673962","73.4","634087","75.5","197074","95","606972","56.8","588481","64.1","554335","66","177620","86","55070","237654","313728","520","55063","237630","295269","519","54992","237509","261326","508","10110","85464","81806","240","290033","47.8","289965","49.3","283139","51.1","198957","62.3","124880","70.3","136135","148382","5134","382","697306","69.2","606943","60.2","1591555","157952","197286","237638","313720","55065","520"
"2022-05-04T00:00:00.000","18","IH2","2942795","107600","1302680","1532515","0","141289","0","0","0","2241749","2158090","1975437","402531","41039","1047543","1152996","171","107631","0","0","0","2241749","1096021","52.6","1048547","0","955319","0","178779","0","871272","41.8","835211","0","759532","0","140535","0","38623","393929","438714","6","38597","393841","402767","6","38552","393574","327400","6","3487","79472","57575","1","274261","31.5","274197","32.8","260807","34.3","156549","42.9","70838","50.4","131016","140858","2268","119","1095640","0","871114","0","2241182","0","0","393855","438655","38598","6"
"2022-05-04T00:00:00.000","18","BP2","349230","16100","155020","178110","0","0","0","0","0","317552","317550","317550","10318","14170","144856","158494","32","0","0","0","0","317552","145992","0","145990","0","145990","0","3988","0","134931","0","134930","0","134930","0","3682","0","13489","53852","67590","0","13488","53852","67590","0","13488","53852","67590","0","196","1780","1706","0","48275","35.8","48275","35.8","48275","35.8","15409","52.5","2538","68.9","29408","18202","643","22","145990","0","134930","0","317550","0","0","53852","67590","13488","0"
"2022-05-04T00:00:00.000","18","WI","11708645","452300","4380100","6876245","0","201095","234183","257003","1151020","10291061","9975638","9389860","3027523","335009","3929030","6024325","2697","176748","199521","206106","297620","10288316","4183762","71.9","4018104","80.4","3751926","82.4","1043918","95","3818605","65.6","3670855","73.4","3429725","75.3","973851","95","300488","1337477","2179695","945","300457","1337429","2032033","936","300254","1337068","1791517","886","30692","465413","477405","341","2146765","56.2","2146372","58.5","2075847","60.5","1377191","72.1","789207","81","890887","1228458","27285","135","4183159","76.2","3818518","69.5","10290476","187374","213197","1337465","2179641","300472","940"
"2022-05-04T00:00:00.000","18","NE","3989110","150400","1397080","2441630","0","206219","246636","273539","1276690","3214176","3102503","2895457","873609","95261","1152475","1959672","6768","166158","191819","198546","279592","3227105","1360137","70.3","1300491","80.4","1204082","82.6","309205","95","1230436","63.6","1178964","72.9","1091774","74.9","287908","92.1","88758","416243","723709","1726","88732","416200","672330","1702","88663","416018","585490","1603","7009","139753","140214","932","623163","50.6","622989","52.8","600137","55","384632","68.4","222755","77.4","244575","371166","6954","468","1359820","75.4","1230370","68.2","3213777","178194","221184","416221","723684","88742","1723"
"2022-05-04T00:00:00.000","18","FL","48330385","2382200","17906120","28042065","0","225025","258506","280212","1074650","37570285","36814432","34907164","12353700","1481274","13927453","22019325","142233","174927","196910","202386","274689","37191180","17039378","79.3","16621072","88.9","15658130","90.8","4788543","95","14391103","67","14066923","75.2","13266915","76.9","4099327","91.2","1362023","4882230","8106314","40536","1361153","4881349","7784326","40095","1360215","4879902","6987375","39423","214904","1968900","1893675","21848","5792219","40.2","5791133","41.2","5667279","42.7","4158428","54.4","2556971","62.4","2486089","3192896","105549","7685","17030886","83.7","14389284","70.8","37560602","184682","237636","4881477","8106139","1361202","40466"
"2022-05-04T00:00:00.000","18","CO","12539075","492400","4606440","7440235","0","217740","254030","278695","1488470","10747659","10376005","9691409","2402267","341731","4160613","6234687","10628","186632","210208","215402","285165","10753052","4572365","79.4","4369374","88.5","4052747","90.1","863198","95","4046534","70.3","3878992","78.6","3595904","79.9","784692","93.1","312394","1439131","2292129","2880","312367","1439055","2124713","2857","312037","1438480","1842632","2755","28951","374176","380642","923","2101719","51.9","2101211","54.2","2015660","56.1","1138331","69","597405","76.1","925797","1148960","26241","721","4570747","84.2","4046446","74.6","10745978","198027","231070","1439116","2292077","312375","2878"
"2022-05-04T00:00:00.000","18","VI","150760","2900","40440","107420","0","141838","168588","184966","736205","145241","142761","135757","41423","2306","43270","99665","0","136646","159643","166559","202280","142938","69275","65.2","67851","75.9","64236","78.8","18763","91.6","56811","53.4","55734","62.3","52703","64.7","15363","75","2095","15756","38954","6","2092","15747","37889","6","2088","15724","34885","6","569","6100","8690","4","17432","30.7","17431","31.3","17068","32.4","12966","40.8","7316","47.6","5837","11450","143","2","69206","69.5","56786","57","145146","145694","151329","15749","38939","2092","6"
"2022-05-04T00:00:00.000","18","VT","1807150","72200","705780","1029170","0","289612","328006","354354","1445270","1408412","1352399","1265509","406671","53475","551196","802859","882","225711","245467","248147","325235","1386789","583583","93.5","554241","95","516907","95","142970","95","506597","81.2","480682","87.2","447381","87.7","127310","95","47394","178762","280171","270","47378","178744","254290","270","47314","178692","221123","252","2652","61603","62898","157","305980","60.4","305904","63.6","289746","64.8","186012","74.1","102978","80.9","131034","170419","4510","17","583306","95","506584","85.1","1408141","236684","303750","178761","280163","47390","270"
"2022-05-04T00:00:00.000","18","PA","30772125","1531400","11756060","17484665","0","240370","277688","302656","1285730","23045182","22323690","21027641","6619655","779979","8899715","13364038","1450","180013","201450","206815","276584","23103620","10872350","84.9","10482775","94.6","9846837","95","2728722","95","8767794","68.5","8450344","76.3","7929714","78","2265044","94.6","724715","3136312","4906080","687","724612","3135998","4589050","684","724121","3133770","4071190","633","91160","1064785","1108796","303","3741829","42.7","3740997","44.3","3616350","45.6","2490870","56.2","1451500","64.1","1638610","2042009","61131","79","10869247","89.8","8766649","72.4","23040955","190357","254230","3136185","4905119","724659","686"
"2022-05-04T00:00:00.000","18","WY","979285","48200","433240","497845","0","169204","199560","220052","987391","756890","740028","701170","233683","29109","329858","397246","677","130778","150804","157557","235617","759622","340573","58.8","331271","67.5","312157","70.1","92701","93.5","298683","51.6","291037","59.3","274340","61.6","83629","84.3","26839","120045","151651","148","26835","120043","144012","147","26814","120017","127366","143","3949","42706","36910","64","129065","43.2","129027","44.3","125903","45.9","90205","58.2","56970","68.1","59334","67831","1847","53","340532","62.6","298676","54.9","756843","139170","180073","120044","151648","26836","148"
"2022-05-04T00:00:00.000","18","WV","4095045","166000","1637320","2291725","0","228499","262867","285851","1115780","2728696","2679485","2552601","902097","67354","1177078","1482531","1733","152258","172000","178182","245796","2729942","1165082","65","1137138","73","1075644","75.1","341758","93.1","1032179","57.6","1010524","64.9","956430","66.8","310494","84.6","61011","423350","547339","479","60992","423253","525811","468","60933","422887","472175","435","9623","159161","141512","198","472518","45.8","472419","46.7","462269","48.3","338905","58.9","208362","67.1","222998","244384","5060","76","1164648","68.5","1031942","60.7","2727966","160552","241009","423274","547196","60994","478"
"2022-05-04T00:00:00.000","18","PW","44990","3800","29000","12190","0","208945","241298","271302","2258530","47441","45005","41427","5007","2349","36363","8607","122","220328","241378","249816","251355","47799","20413","94.8","19012","95","17485","95","1869","93.8","18155","84.3","17118","91.8","15681","94.6","1802","90.5","2354","12664","3077","60","2354","12664","2040","60","2354","12664","603","60","227","1538","35","2","11375","62.7","11374","66.4","10749","68.5","4606","77.2","1525","84.6","10495","880","0","0","20410","95","18154","89.1","47437","232842","220831","12664","3076","2354","60"
"2022-05-04T00:00:00.000","18","LA","8267050","325200","3380380","4561470","0","177832","210716","232145","1115630","6248403","6126507","5797786","1775632","199463","2549390","3496374","3176","134409","156156","162806","239619","6214810","2836556","61","2764829","70.5","2593298","72.8","677115","91.4","2486973","53.5","2436337","62.1","2295341","64.5","637637","86","180851","961701","1343285","1136","180818","961667","1292727","1125","180628","961115","1152495","1103","22440","303380","311601","216","981886","39.5","981572","40.3","963571","42","698898","55","414447","65","435101","533163","13537","85","2836218","65.2","2486856","57.2","6247925","143719","190164","961686","1343207","180829","1134"
"2022-05-04T00:00:00.000","18","MI","21344710","942000","8459220","11943490","0","213728","248339","272152","1209060","15906503","15450045","14593446","4613468","466346","6264874","9173075","2208","159274","179756","186071","261327","16219540","6690746","67","6449953","75","6057287","77.2","1705288","95","6010029","60.2","5797757","67.5","5442114","69.4","1557578","88.2","421305","2179562","3408012","1150","421273","2179482","3195865","1137","420963","2178718","2841401","1032","71181","779595","706187","615","3261343","54.3","3260907","56.2","3159926","58.1","2108079","68.4","1193753","76.6","1452086","1761056","48061","140","6690091","71","6009965","63.8","15905817","168844","226579","2179540","3407985","421291","1149"
"2022-05-04T00:00:00.000","18","GU","320560","24100","85780","210680","0","190256","244113","279858","1995890","349966","333762","300112","47533","13538","110413","225753","262","207709","254167","262006","295953","349836","153661","91.2","144629","95","128684","95","17570","95","139304","82.7","132552","95","118407","95","16508","95","11132","40531","87535","106","11131","40530","80785","106","11122","40513","66666","106","628","6744","9104","32","61128","43.9","61110","46.1","57637","48.7","30569","66.3","12192","73.9","22025","37685","1418","0","153629","95","139302","91.2","349932","229072","209844","40530","87534","11132","106"
"2022-05-04T00:00:00.000","18","NV","5968810","259000","2046600","3663210","0","193783","227661","250001","1203460","4905588","4786804","4490480","1224223","187789","1682850","3034420","529","159264","182577","188082","246833","4880047","2318755","75.3","2252520","85.9","2099106","87.9","505233","95","1873841","60.8","1822239","69.5","1702745","71.3","418214","84.3","172691","605354","1095730","66","172687","605348","1044138","66","172643","605241","924798","63","26176","192081","199920","37","724102","38.6","724052","39.7","704288","41.4","465501","54.3","263352","63","296386","415398","12311","7","2318649","80.1","1873826","64.7","4905477","169471","206206","605349","1095723","172688","66"
"2022-05-04T00:00:00.000","18","MO","11679905","428600","4454660","6796645","0","190306","223081","245024","1099760","8959229","8717467","8226209","2607352","251729","3240660","5464516","2324","145977","166500","172571","245505","8927636","4063576","66.2","3927172","75","3683806","77.3","1021342","95","3442495","56.1","3336865","63.7","3130109","65.7","897848","84.5","238121","1169665","2033937","772","238089","1169641","1928410","725","237843","1169149","1722619","498","40215","408927","448529","177","1461085","42.4","1460839","43.8","1419153","45.3","985543","56.6","593518","66.1","597620","845707","17680","78","4063124","70.4","3442445","59.7","8958782","155282","202448","1169652","2033919","238105","769"
"2022-05-04T00:00:00.000","18","AR","6222280","254000","2619420","3348860","0","206186","243319","268474","1187730","4247007","4135305","3876521","1224857","123222","1816187","2303556","4042","140732","161709","167261","233804","4292521","2013156","66.7","1947493","76.2","1813193","78.2","501245","95","1643414","54.5","1596985","62.4","1487778","64.2","422462","80.6","113014","666878","862167","1355","112884","666854","816257","990","112456","665672","708703","947","15785","237029","169133","515","652340","39.7","652164","40.8","635249","42.7","449679","54.8","273693","64.8","317315","324522","10012","491","2010905","71.1","1642778","58.1","4244218","150007","219920","666864","861672","112893","1349"
"2022-05-04T00:00:00.000","18","AK","1542965","85000","599320","858645","0","210919","253412","279745","1684680","1147491","1105865","1028465","229037","46707","443067","656566","1151","156859","181624","186464","250073","1150453","510858","69.8","488258","80.2","451981","81.9","87105","95","455908","62.3","437554","71.9","404742","73.4","79013","86.3","41765","161106","252906","131","41758","161097","234570","129","41599","160665","202355","123","3700","43349","31918","46","197056","43.2","196958","45","188742","46.6","113550","62.8","58048","73.5","87141","106923","2961","31","510441","75","455687","67","1146852","168539","226752","161101","252695","41760","131"
"2022-05-04T00:00:00.000","18","RI","2608025","89100","999100","1519825","0","246189","281191","305080","1394320","2222957","2151651","2017335","566123","65614","847831","1307718","1794","209839","231986","235983","302665","2385490","1044864","95","998627","95","930505","95","220095","95","874860","82.6","835418","90.1","776110","90.8","189447","95","60586","292664","521156","454","60585","292650","481734","449","60557","292522","422594","437","6807","84717","97775","148","468710","53.6","468523","56.1","450095","58","278929","69.8","147291","77.7","198888","264612","5145","65","1044689","95","874825","87.1","2222824","221212","259546","292660","521127","60585","453"
"2022-05-04T00:00:00.000","18","MS","5550315","227400","2246660","3076255","0","186493","220126","243695","1140410","3873296","3797770","3584810","1139952","93481","1556744","2219964","3107","130145","150620","157397","234224","3911478","1774086","59.6","1731932","68.7","1620259","71.1","446643","91.8","1542802","51.8","1509580","59.9","1416546","62.2","408897","84","86271","586290","868915","1326","86253","586272","835731","1324","86166","585916","743188","1276","17773","207470","183072","582","575097","37.3","574980","38.1","564487","39.8","428922","52.9","256316","62.7","267516","298668","8186","727","1773916","63.5","1542770","55.2","3873109","138688","198746","586282","868903","86259","1326"
"2022-05-04T00:00:00.000","18","MH","106880","12600","57000","37280","0","137482","186303","224873","2863880","66129","60543","54094","3278","2828","50605","12694","2","85063","105533","113813","87835","66206","34113","43.9","30206","52.7","26413","55.6","1497","40.1","27354","35.2","25709","44.8","23257","48.9","1320","35.4","2787","20313","4251","3","2784","20304","2618","3","2777","20273","204","3","121","1195","4","0","6968","25.5","6966","27.1","6935","29.8","2185","39.5","570","43.2","6612","328","28","0","34091","49.3","27343","39.5","66097","95519","154455","20308","4246","2786","3"
"2022-05-04T00:00:00.000","18","AZ","14909020","608900","5686520","8613600","0","204830","240233","264416","1139280","12152961","11752705","10943291","3501175","370031","4765275","6985936","31719","166966","189375","194082","267544","11884108","5319903","73.1","5094774","82.1","4697563","83.3","1302168","95","4484313","61.6","4320260","69.6","3998332","70.9","1129364","86.3","333521","1641212","2501299","8281","333273","1641155","2337587","8245","333000","1640446","2016762","8124","50813","549389","524743","4419","1881401","42","1880533","43.5","1809089","45.2","1194545","56.2","704010","62.3","824373","1030943","24083","2002","5318832","77.7","4483994","65.5","12151727","177425","217684","1641193","2501238","333282","8281"
"2022-05-04T00:00:00.000","18","ID","3418490","157300","1335080","1926110","0","191291","228599","255328","1176070","2455633","2391985","2249685","725850","88197","927230","1436487","3719","137412","159955","168029","249716","2480181","1092430","61.1","1057405","70.7","987430","73.8","276855","95","966465","54.1","936185","62.6","873754","65.3","252382","86.8","81487","330741","553392","845","81468","330731","523149","837","81413","330566","460949","826","12288","116181","123581","332","407795","42.2","407792","43.6","407568","46.6","281252","59.8","171520","68","178751","222656","6278","110","1092340","65.4","966419","57.8","2455515","146961","204594","330733","553370","81471","845"
"2022-05-04T00:00:00.000","18","CT","8815425","344800","3399280","5071345","0","247257","283824","310638","1398730","7633043","7370427","6855258","1923623","249836","2892976","4489010","1221","214093","237300","241565","305219","7666435","3409354","95","3266982","95","3022666","95","747564","95","2825186","79.2","2706463","87.1","2499881","88.1","616449","95","231256","953863","1639612","455","231173","953533","1521305","452","231065","953324","1315143","349","22780","243353","350212","104","1460658","51.7","1460482","54","1399022","56","884691","67","457780","74.3","665318","777399","17917","24","3407804","95","2824738","83.5","7631087","225533","260536","953655","1639452","231177","454"
"2022-05-04T00:00:00.000","18","MA","17037910","618200","6472420","9947290","0","247195","283175","307560","1457060","14888542","14307958","13357087","3446787","404128","5843413","8640553","448","216011","237802","241116","294765","14956841","6773979","95","6455903","95","6001256","95","1418361","95","5447342","79","5186313","86.2","4810565","86.8","1127146","95","381657","1915843","3149632","210","381627","1915802","2888678","206","380367","1910415","2519598","185","74410","512219","540441","76","2793520","51.3","2792986","53.9","2666836","55.4","1557717","64.7","800854","71.1","1300352","1466120","27021","27","6767948","95","5443572","83.3","14878677","227672","260712","1915834","3145878","381651","209"
"2022-05-04T00:00:00.000","18","DD2","6687510","210500","2196640","4280370","0","0","0","0","0","7470919","7350736","6962919","626158","326570","2477912","4642856","23581","0","0","0","0","7470919","4239635","0","4164192","0","3948014","0","401087","0","3179334","0","3135001","0","2968206","0","198287","0","292975","982325","1903802","232","292946","982298","1859525","232","292735","982068","1693179","224","9722","71450","117114","1","1864","0.1","1863","0.1","1859","0.1","275","0","62","0","602","1229","33","0","4239353","0","3179262","0","7470579","0","0","982305","1903771","292954","232"
"2022-05-04T00:00:00.000","18","CA","90628655","3723700","32516480","54388475","0","229369","269357","296002","1552360","75237247","72456102","67091764","15921405","2322204","28121386","44777621","16036","190415","215347","219128","272715","75523694","33104850","83.8","31584235","93.9","29052904","94.9","6104541","95","28483266","72.1","27223390","80.9","25012478","81.7","5285632","90.5","2100541","9752806","16624765","5154","2099901","9751999","15366400","5090","2092415","9725602","13189688","4773","203510","2674155","2406454","1513","14480298","50.8","14477243","53.2","13838363","55.3","7666270","66.3","3887390","73.5","6215279","8038972","225457","590","33074576","89.1","28464959","76.7","75188752","202509","244095","9752490","16607173","2100143","5153"
"2022-05-04T00:00:00.000","18","NY","46285855","1895000","16336400","28054455","0","237930","275951","300065","1404240","39323243","38067845","35721354","8923503","1433975","14230763","23635338","23167","202139","226956","231577","270725","39362815","17549207","90.2","16873728","95","15757270","95","3485801","95","14971125","77","14393275","85.8","13410773","86.9","3033787","92","1253971","5006577","8704071","6506","1253757","5005871","8127566","6081","1252763","5003530","7148970","5510","187427","1428272","1416055","2033","6827172","45.6","6825336","47.4","6579489","49.1","3949529","60.3","2058509","67.9","2901299","3808614","116637","622","17546473","95","14970563","81.7","39319806","214551","252562","5006449","8703812","1253858","6444"
"2022-05-04T00:00:00.000","18","HI","3481080","124500","1305320","2051260","0","245861","287429","311924","1296740","2922971","2814681","2623619","752432","71154","1069067","1782452","298","206443","232405","235090","280290","2934232","1238038","87.4","1178859","95","1090734","95","271478","95","1108346","78.3","1057308","87.3","977430","87.6","248216","92.5","65306","365383","677640","17","65276","365324","626691","17","65093","364488","547832","17","11763","109085","127361","7","567298","51.2","567171","53.6","543039","55.6","349882","70.9","195886","78.9","253175","307923","6197","3","1236151","92.9","1107645","83.2","2921060","219521","261607","365333","677017","65278","17"
"2022-05-04T00:00:00.000","18","SC","10563475","453700","4407040","5702735","0","205167","238994","261632","1127340","7542968","7366347","6974636","2348105","232420","2929378","4378972","2198","146502","166660","172745","250592","7542891","3484151","67.7","3383521","76.6","3183427","78.8","957188","95","2936989","57","2857858","64.7","2688625","66.6","818945","87.4","208448","1047237","1680907","397","208398","1047069","1601996","395","207808","1045036","1435393","388","31384","349903","437435","223","1174069","40","1173898","41.1","1146557","42.6","845131","54.5","521299","63.7","504211","646873","22477","508","3481614","71.7","2935609","60.5","7538969","155243","217523","1047160","1679653","208401","395"
"2022-05-04T00:00:00.000","18","SD","1884965","91100","752700","1041165","0","213072","255380","282367","1241160","1418228","1370613","1284703","415747","41489","553233","823365","141","160314","185695","192448","273750","1435451","677408","76.6","651149","88.2","606566","90.9","177205","95","544132","61.5","523102","70.9","488444","73.2","145220","95","39141","198659","306292","40","39136","198656","285270","40","39109","198585","250711","39","5043","71940","68214","23","227135","41.7","227105","43.4","220655","45.2","154113","56.6","93368","64.3","102189","122033","2900","13","677346","82.3","544121","66.1","1418162","172213","228899","198657","306287","39137","40"
"2022-05-04T00:00:00.000","18","NH","3542800","179400","1242640","2120760","0","260555","295586","320773","1395550","2544993","2474626","2322812","705299","88337","948371","1508185","100","187172","206465","210312","277826","2564587","1198750","88.2","1158129","95","1088078","95","309616","95","957291","70.4","927144","77.4","871022","78.9","245926","95","79231","344221","533730","109","79219","344118","503698","109","79187","343960","447773","102","15706","101361","128814","45","427578","44.7","427524","46.1","411070","47.2","273487","54.1","143585","58.4","182208","237673","7677","20","1198231","92.4","957101","73.8","2544296","196306","273345","344120","533651","79221","109"
"2022-05-04T00:00:00.000","18","MN","12732030","503900","4530920","7697210","0","225760","266467","293603","1383340","10347543","9921590","9258448","2707207","356887","3754320","6231513","4823","183479","207648","213502","294139","10362571","4234761","75.1","4008009","83.9","3715874","85.7","944844","95","3901414","69.2","3701119","77.5","3425350","79","886944","95","328347","1303747","2267577","1743","328328","1303686","2067387","1718","327788","1301344","1794552","1666","50624","373777","462140","403","2246217","57.6","2245711","60.7","2153093","62.9","1332674","74.7","732676","82.6","896887","1320049","28870","411","4230123","80","3898292","73.7","10339744","195532","240772","1303737","2264485","328332","1738"
"2022-05-04T00:00:00.000","18","TX","61939635","2631800","22279080","37028755","0","213615","256999","286810","1658700","46834298","44995254","41339791","9777359","1569491","17147799","28111934","5074","161521","186694","191423","261831","45491539","21220345","73.2","20174417","83.7","18331054","84.9","3675541","95","17827803","61.5","17123272","71","15670101","72.6","3261561","87.3","1361511","6113800","10351331","1161","1361040","6112946","9648169","1117","1359412","6108341","8201277","1071","179262","1547446","1534470","383","6796975","38.1","6794943","39.7","6551316","41.8","4026331","55.5","2115442","64.9","2962247","3733699","100790","239","21214163","78.6","17826343","66","46826743","173400","229364","6113278","10350682","1361223","1160"
"2022-05-04T00:00:00.000","18","TN","12937930","515300","4957440","7465190","0","189451","221708","243234","1131540","9971152","9768560","9292853","2943481","265989","3818979","5823066","63118","146008","167397","174706","257434","9790964","4246993","62.2","4137502","70.9","3903355","73.4","1056348","92.4","3723787","54.5","3633242","62.3","3434018","64.6","967093","84.6","236185","1322701","2152257","12644","236128","1322642","2061911","12561","235868","1322028","1863687","12435","36005","480436","444245","6407","1638488","44","1638014","45.1","1603371","46.7","1120694","58.8","663588","68.6","693427","918451","22365","4245","4246239","66.1","3723633","58","9970215","155286","201508","1322683","2152163","236145","12642"
"2022-05-04T00:00:00.000","18","US","729623415","30760100","270959280","427904035","0","219760","257344","282515","1331620","577306842","558645898","522355519","146818497","18719731","217473916","340555503","557692","173883","197039","202260","267956","577306842","257881623","77.7","247613068","87.3","230108025","89.1","56818841","95","219902417","66.2","211622861","74.6","196682606","76.2","49497969","90.3","16965923","76506988","126271741","157765","16960816","76500491","118006262","155292","16934033","76418080","103181485","149008","2361105","23595922","23474593","66349","100901425","45.9","100872182","47.7","97189686","49.4","61468879","60.8","33998755","68.7","43370097","55994193","1505269","31866","257770175","82.5","219851280","70.4","577145808","184826","233655","76503806","126227087","16962832","157555"
"2022-05-04T00:00:00.000","18","WA","17902295","760700","6503300","10638295","0","235096","275381","300786","1479870","14489516","13982815","13068077","3449039","488242","5427310","8561617","12347","190279","215090","219564","285110","14610394","6154136","80.8","5883407","90.5","5471516","91.9","1244483","95","5528760","72.6","5293405","81.4","4917688","82.6","1140777","94.3","452890","1900874","3170647","4349","452840","1900776","2935479","4310","452502","1899990","2561015","4181","59074","516790","563078","1835","2890427","52.3","2889094","54.6","2765277","56.2","1609263","68.8","877940","77","1251099","1600342","37951","1035","6152784","86","5528584","77.2","14488030","202392","250087","1900849","3170527","452862","4346"
"2022-05-04T00:00:00.000","18","NC","22152300","931900","8363560","12856840","0","211214","246533","270567","1265060","16750134","16237623","15247625","4520984","518213","6236832","9994140","949","159706","180709","186234","258181","16651470","8836294","84.3","8548567","95","8022494","95","2225183","95","6415830","61.2","6199289","69","5799004","70.8","1587675","90.7","484885","2222144","3708644","157","484856","2222023","3492254","156","483401","2218936","3096516","151","55329","757267","775011","68","1701871","26.5","1701631","27.4","1644750","28.4","1109235","35.4","629031","39.6","745549","927560","28734","28","8832271","89.4","6413649","64.9","16743948","169502","224252","2222100","3706525","484868","156"
"2022-05-04T00:00:00.000","18","IA","6654055","290700","2565020","3798335","0","210900","248631","274029","1203370","5124618","4974827","4686806","1556543","178871","2040550","2904625","572","162425","185886","193013","281496","5132487","2144231","68","2065513","77.2","1930281","79.5","550032","95","1955316","62","1885661","70.5","1763617","72.6","514966","93.1","163344","716272","1075284","416","163339","716250","1005659","413","163245","716031","883940","401","14602","270817","229408","139","1037327","53.1","1037174","55","1007856","57.1","689875","70.4","408301","79.3","471448","551685","14134","60","2144049","72.4","1955302","66.1","5124442","173156","224842","716267","1075277","163342","416"
"2022-05-04T00:00:00.000","18","VA2","8123220","626600","3964180","3532440","0","0","0","0","0","7416401","7416206","7412857","3941678","255801","3825940","3334377","283","0","0","0","0","7416401","3450084","0","3449964","0","3448059","0","1685660","0","2949849","0","2949773","0","2948373","0","1504337","0","233627","1446586","1269624","12","233620","1446563","1269578","12","233585","1446524","1268252","12","76649","821701","605986","1","1146507","38.9","1146501","38.9","1146433","38.9","1039283","44.8","748384","49.7","606976","518370","21161","0","3449980","0","2949778","0","7416227","0","0","1446563","1269582","233621","12"
"2022-05-04T00:00:00.000","18","MD","15924670","607000","5439360","9878310","0","263406","308445","338032","1659860","12078243","11602860","10742299","2733016","366130","4377043","7317011","18059","199783","224736","228026","284868","12187291","5230222","86.5","4976116","95","4581437","95","1009061","95","4575307","75.7","4355881","84.4","4006286","85","911319","95","326967","1521951","2721772","4617","326790","1521837","2502762","4492","326573","1521202","2154394","4117","55283","434568","420215","1253","2327469","50.9","2326187","53.4","2215890","55.3","1348156","67.6","690999","75.8","969561","1321240","35725","943","5229224","92","4575144","80.5","12077138","212486","280179","1521916","2721689","326926","4613"
"2022-05-04T00:00:00.000","18","DE","2369555","99600","917300","1352655","0","243340","282155","307658","1254360","1818080","1765838","1655438","551507","62233","700647","1052948","2252","186706","210267","214938","291948","1790758","809750","83.2","781210","93","730972","94.9","212017","95","673583","69.2","651009","77.5","608174","79","181825","95","57163","236101","379599","720","57152","236088","357054","715","57102","235951","314426","695","10003","75198","96259","365","307442","45.6","307354","47.2","296241","48.7","210566","60.1","124911","68.7","131987","170230","5164","61","809574","88.1","673552","73.3","1817879","197801","257828","236090","379583","57159","720"
"2022-05-04T00:00:00.000","18","MP","125430","3600","25720","96110","0","241905","296595","347692","3341240","109116","100569","88487","8754","1379","15068","92660","9","210441","237808","245286","233191","109248","45513","87.8","41023","95","35629","95","3238","86.3","43307","83.5","39254","92.8","34109","94.6","3116","83","1168","5214","36922","3","1168","5214","32869","3","1168","5213","27725","3","120","502","2494","0","21010","48.5","21009","53.5","19457","57","9483","69.8","2353","75.5","4163","16634","213","0","45508","94.6","43307","90","109111","226833","260758","5214","36922","1168","3"
"2022-05-04T00:00:00.000","18","PR","7513550","214800","2650320","4648430","0","235262","263791","286671","1105490","7175159","6855680","6301866","1746959","152142","2717641","4305096","280","224666","240694","240441","257036","7183558","3033624","95","2861445","95","2633270","95","694125","95","2652295","83","2505285","88","2300775","87.8","603038","88.7","139455","954437","1558286","117","139423","954384","1411377","101","139293","954041","1207376","65","23592","298602","280829","15","1545234","58.3","1545016","61.7","1423484","61.9","808338","68.1","419093","69.5","613674","920100","11439","21","3033173","95","2652199","86.2","7174631","233229","244247","954412","1558237","139433","117"
"2022-05-04T00:00:00.000","18","AS","117010","600","24100","92310","0","246898","316954","373416","3569560","109415","97284","81280","8470","573","24451","83264","1127","230872","263521","259390","258389","109835","45235","95","38967","95","32292","95","3200","95","41604","87.8","35822","95","29529","94.2","2946","89.9","583","9443","31016","562","583","9442","25235","562","582","9422","18967","558","28","1206","1701","11","22678","54.5","22662","63.3","19668","66.6","7886","75.4","2236","75.9","4601","18075","2","0","45225","95","41604","95","109405","253781","271422","9443","31016","583","562"
"2022-05-04T00:00:00.000","18","KS","6070215","256400","2333440","3480375","0","208361","247592","274290","1276630","4614579","4465769","4164500","1274055","138513","1753039","2718728","4299","158396","182150","188178","267947","4724865","2170771","74.5","2087151","85.1","1939485","87.6","530433","95","1790439","61.5","1725000","70.4","1600306","72.3","435208","91.5","126454","637573","1025632","780","126430","637539","960274","757","126303","637146","836194","663","18679","206273","209969","287","765207","42.7","765045","44.4","737760","46.1","488666","57.8","286861","65.9","329903","424217","10832","255","2170572","79.6","1790416","65.6","4614362","169149","222517","637565","1025623","126449","779"
"2022-05-04T00:00:00.000","18","FM","165900","12800","92440","60660","0","162138","209623","248636","3447630","128207","112483","98770","7804","13474","82813","31885","35","125300","142128","148028","162178","129172","67359","65.8","58048","73.3","50252","75.3","3841","79.8","56872","55.6","50622","64","44965","67.4","3560","74","12519","31829","12504","20","12511","31827","6264","20","12488","31817","640","20","1108","2424","27","1","15601","27.4","15581","30.8","15539","34.6","5476","41.5","1447","40.6","13680","1491","430","0","67329","72.5","56867","61.3","128176","138089","178731","31829","12503","12515","20"
"2022-05-04T00:00:00.000","18","ND","1398500","53000","537720","807780","0","183515","219460","240337","1166920","1075433","1039918","987555","296500","39725","411143","624239","326","141121","163189","169715","247403","1055257","494457","64.9","476547","74.8","449904","77.3","121211","95","418520","54.9","404199","63.4","381673","65.6","102679","85.7","36580","145780","236146","14","36573","145774","221838","14","36425","145565","199670","13","4382","48584","49707","6","169243","40.4","169226","41.9","167406","43.9","114935","58","70055","68.2","77936","88782","2517","8","494101","69.8","418341","59.1","1074883","151828","197539","145776","235976","36575","14"
"2022-05-04T00:00:00.000","18","OK","7332130","325100","3078380","3928650","0","185297","220500","244019","1154430","5919824","5784008","5443500","1625635","154546","2391013","3372095","2170","149605","173943","181164","255952","5888176","2813956","71.1","2738222","82.3","2563326","85.3","682888","95","2266090","57.3","2206197","66.3","2061772","68.6","556748","87.7","144084","856845","1264759","402","144066","856817","1204933","381","143989","856528","1060922","333","20754","282638","253257","99","849849","37.5","849763","38.5","829458","40.2","580145","53","348656","62.6","389073","448541","12061","174","2813646","76","2266037","61.2","5919479","159924","198089","856827","1264740","144069","401"
"2022-05-04T00:00:00.000","18","OR","10103985","463200","3803860","5836925","0","239559","276991","301506","1318920","7803785","7548359","7084641","2090508","275827","2914192","4596788","16978","185023","206931","211408","272884","7804654","3286161","77.9","3146500","86.3","2937464","87.7","757215","95","2938099","69.7","2825479","77.5","2637341","78.7","698475","91.2","247466","1002722","1682143","5768","247463","1002718","1569548","5750","246604","999763","1385542","5432","52598","315426","328966","1485","1570340","53.4","1569974","55.6","1505928","57.1","910446","68.4","534258","76.5","666029","879533","24057","721","3283255","82.3","2936270","73.6","7798999","195467","253237","1002721","1680317","247465","5767"
"2022-05-04T00:00:00.000","18","AL","9713640","397000","4238960","5077680","0","198109","232002","254625","1143000","6287098","6176247","5867883","1907770","178106","2739785","3368638","569","128225","147514","153816","224487","6406700","3076115","62.7","3010956","71.9","2845867","74.6","815877","95","2506812","51.1","2463894","58.8","2333847","61.2","698134","82.1","166065","1031926","1308112","709","166054","1031905","1265226","709","165967","1031418","1135758","704","37015","370727","289948","444","893637","35.6","893509","36.3","877869","37.6","663750","48.8","408441","58.5","439919","437707","15882","129","3075673","66.7","2506748","54.4","6286600","136403","210762","1031922","1308061","166056","709"
